Date,Fremont Bridge Total,Fremont Bridge East Sidewalk,Fremont Bridge West Sidewalk
2012-10-03 00:00:00,13.0,4.0,9.0
2012-10-03 01:00:00,10.0,4.0,6.0
2012-10-03 02:00:00,2.0,1.0,1.0
2012-10-03 03:00:00,5.0,2.0,3.0
2012-10-03 04:00:00,7.0,6.0,1.0
2012-10-03 05:00:00,31.0,21.0,10.0
2012-10-03 06:00:00,155.0,105.0,50.0
2012-10-03 07:00:00,352.0,257.0,95.0
2012-10-03 08:00:00,437.0,291.0,146.0
2012-10-03 09:00:00,276.0,172.0,104.0
2012-10-03 10:00:00,118.0,72.0,46.0
2012-10-03 11:00:00,42.0,10.0,32.0
2012-10-03 12:00:00,76.0,35.0,41.0
2012-10-03 13:00:00,90.0,42.0,48.0
2012-10-03 14:00:00,128.0,77.0,51.0
2012-10-03 15:00:00,164.0,72.0,92.0
2012-10-03 16:00:00,315.0,133.0,182.0
2012-10-03 17:00:00,583.0,192.0,391.0
2012-10-03 18:00:00,380.0,122.0,258.0
2012-10-03 19:00:00,128.0,59.0,69.0
2012-10-03 20:00:00,80.0,29.0,51.0
2012-10-03 21:00:00,63.0,25.0,38.0
2012-10-03 22:00:00,49.0,24.0,25.0
2012-10-03 23:00:00,17.0,5.0,12.0
2012-10-04 00:00:00,18.0,7.0,11.0
2012-10-04 01:00:00,3.0,3.0,0.0
2012-10-04 02:00:00,9.0,3.0,6.0
2012-10-04 03:00:00,3.0,0.0,3.0
2012-10-04 04:00:00,8.0,7.0,1.0
2012-10-04 05:00:00,26.0,15.0,11.0
2012-10-04 06:00:00,142.0,91.0,51.0
2012-10-04 07:00:00,319.0,230.0,89.0
2012-10-04 08:00:00,418.0,284.0,134.0
2012-10-04 09:00:00,241.0,147.0,94.0
2012-10-04 10:00:00,120.0,67.0,53.0
2012-10-04 11:00:00,108.0,53.0,55.0
2012-10-04 12:00:00,104.0,54.0,50.0
2012-10-04 13:00:00,126.0,55.0,71.0
2012-10-04 14:00:00,119.0,63.0,56.0
2012-10-04 15:00:00,147.0,73.0,74.0
2012-10-04 16:00:00,275.0,114.0,161.0
2012-10-04 17:00:00,507.0,154.0,353.0
2012-10-04 18:00:00,378.0,137.0,241.0
2012-10-04 19:00:00,164.0,57.0,107.0
2012-10-04 20:00:00,83.0,27.0,56.0
2012-10-04 21:00:00,70.0,31.0,39.0
2012-10-04 22:00:00,46.0,25.0,21.0
2012-10-04 23:00:00,41.0,11.0,30.0
2012-10-05 00:00:00,11.0,4.0,7.0
2012-10-05 01:00:00,8.0,4.0,4.0
2012-10-05 02:00:00,7.0,4.0,3.0
2012-10-05 03:00:00,4.0,2.0,2.0
2012-10-05 04:00:00,9.0,7.0,2.0
2012-10-05 05:00:00,25.0,18.0,7.0
2012-10-05 06:00:00,105.0,68.0,37.0
2012-10-05 07:00:00,319.0,218.0,101.0
2012-10-05 08:00:00,370.0,251.0,119.0
2012-10-05 09:00:00,212.0,131.0,81.0
2012-10-05 10:00:00,119.0,71.0,48.0
2012-10-05 11:00:00,104.0,43.0,61.0
2012-10-05 12:00:00,101.0,55.0,46.0
2012-10-05 13:00:00,112.0,62.0,50.0
2012-10-05 14:00:00,125.0,63.0,62.0
2012-10-05 15:00:00,164.0,80.0,84.0
2012-10-05 16:00:00,310.0,120.0,190.0
2012-10-05 17:00:00,434.0,144.0,290.0
2012-10-05 18:00:00,316.0,107.0,209.0
2012-10-05 19:00:00,115.0,42.0,73.0
2012-10-05 20:00:00,68.0,27.0,41.0
2012-10-05 21:00:00,42.0,11.0,31.0
2012-10-05 22:00:00,36.0,10.0,26.0
2012-10-05 23:00:00,32.0,16.0,16.0
2012-10-06 00:00:00,15.0,8.0,7.0
2012-10-06 01:00:00,15.0,10.0,5.0
2012-10-06 02:00:00,9.0,7.0,2.0
2012-10-06 03:00:00,3.0,1.0,2.0
2012-10-06 04:00:00,5.0,4.0,1.0
2012-10-06 05:00:00,5.0,3.0,2.0
2012-10-06 06:00:00,27.0,12.0,15.0
2012-10-06 07:00:00,33.0,17.0,16.0
2012-10-06 08:00:00,105.0,58.0,47.0
2012-10-06 09:00:00,114.0,59.0,55.0
2012-10-06 10:00:00,115.0,68.0,47.0
2012-10-06 11:00:00,124.0,76.0,48.0
2012-10-06 12:00:00,164.0,91.0,73.0
2012-10-06 13:00:00,177.0,95.0,82.0
2012-10-06 14:00:00,203.0,89.0,114.0
2012-10-06 15:00:00,211.0,115.0,96.0
2012-10-06 16:00:00,183.0,107.0,76.0
2012-10-06 17:00:00,180.0,107.0,73.0
2012-10-06 18:00:00,96.0,41.0,55.0
2012-10-06 19:00:00,78.0,40.0,38.0
2012-10-06 20:00:00,43.0,25.0,18.0
2012-10-06 21:00:00,33.0,18.0,15.0
2012-10-06 22:00:00,34.0,14.0,20.0
2012-10-06 23:00:00,34.0,15.0,19.0
2012-10-07 00:00:00,11.0,6.0,5.0
2012-10-07 01:00:00,17.0,12.0,5.0
2012-10-07 02:00:00,3.0,2.0,1.0
2012-10-07 03:00:00,6.0,4.0,2.0
2012-10-07 04:00:00,3.0,1.0,2.0
2012-10-07 05:00:00,9.0,6.0,3.0
2012-10-07 06:00:00,17.0,9.0,8.0
2012-10-07 07:00:00,26.0,14.0,12.0
2012-10-07 08:00:00,69.0,43.0,26.0
2012-10-07 09:00:00,103.0,67.0,36.0
2012-10-07 10:00:00,108.0,67.0,41.0
2012-10-07 11:00:00,165.0,94.0,71.0
2012-10-07 12:00:00,191.0,100.0,91.0
2012-10-07 13:00:00,228.0,129.0,99.0
2012-10-07 14:00:00,241.0,126.0,115.0
2012-10-07 15:00:00,231.0,122.0,109.0
2012-10-07 16:00:00,225.0,132.0,93.0
2012-10-07 17:00:00,191.0,118.0,73.0
2012-10-07 18:00:00,113.0,68.0,45.0
2012-10-07 19:00:00,49.0,26.0,23.0
2012-10-07 20:00:00,55.0,19.0,36.0
2012-10-07 21:00:00,47.0,12.0,35.0
2012-10-07 22:00:00,18.0,9.0,9.0
2012-10-07 23:00:00,16.0,5.0,11.0
2012-10-08 00:00:00,9.0,4.0,5.0
2012-10-08 01:00:00,4.0,2.0,2.0
2012-10-08 02:00:00,5.0,5.0,0.0
2012-10-08 03:00:00,5.0,1.0,4.0
2012-10-08 04:00:00,5.0,3.0,2.0
2012-10-08 05:00:00,23.0,16.0,7.0
2012-10-08 06:00:00,137.0,89.0,48.0
2012-10-08 07:00:00,327.0,233.0,94.0
2012-10-08 08:00:00,457.0,304.0,153.0
2012-10-08 09:00:00,278.0,174.0,104.0
2012-10-08 10:00:00,97.0,53.0,44.0
2012-10-08 11:00:00,99.0,55.0,44.0
2012-10-08 12:00:00,108.0,53.0,55.0
2012-10-08 13:00:00,96.0,52.0,44.0
2012-10-08 14:00:00,121.0,59.0,62.0
2012-10-08 15:00:00,167.0,92.0,75.0
2012-10-08 16:00:00,252.0,117.0,135.0
2012-10-08 17:00:00,604.0,214.0,390.0
2012-10-08 18:00:00,365.0,139.0,226.0
2012-10-08 19:00:00,168.0,73.0,95.0
2012-10-08 20:00:00,94.0,37.0,57.0
2012-10-08 21:00:00,63.0,28.0,35.0
2012-10-08 22:00:00,29.0,15.0,14.0
2012-10-08 23:00:00,24.0,11.0,13.0
2012-10-09 00:00:00,12.0,8.0,4.0
2012-10-09 01:00:00,3.0,1.0,2.0
2012-10-09 02:00:00,4.0,2.0,2.0
2012-10-09 03:00:00,8.0,5.0,3.0
2012-10-09 04:00:00,9.0,4.0,5.0
2012-10-09 05:00:00,31.0,22.0,9.0
2012-10-09 06:00:00,153.0,103.0,50.0
2012-10-09 07:00:00,368.0,258.0,110.0
2012-10-09 08:00:00,462.0,317.0,145.0
2012-10-09 09:00:00,275.0,163.0,112.0
2012-10-09 10:00:00,94.0,58.0,36.0
2012-10-09 11:00:00,74.0,29.0,45.0
2012-10-09 12:00:00,77.0,37.0,40.0
2012-10-09 13:00:00,83.0,46.0,37.0
2012-10-09 14:00:00,108.0,54.0,54.0
2012-10-09 15:00:00,134.0,62.0,72.0
2012-10-09 16:00:00,244.0,95.0,149.0
2012-10-09 17:00:00,597.0,197.0,400.0
2012-10-09 18:00:00,396.0,152.0,244.0
2012-10-09 19:00:00,163.0,58.0,105.0
2012-10-09 20:00:00,85.0,32.0,53.0
2012-10-09 21:00:00,64.0,30.0,34.0
2012-10-09 22:00:00,34.0,17.0,17.0
2012-10-09 23:00:00,23.0,9.0,14.0
2012-10-10 00:00:00,15.0,8.0,7.0
2012-10-10 01:00:00,3.0,1.0,2.0
2012-10-10 02:00:00,3.0,3.0,0.0
2012-10-10 03:00:00,4.0,1.0,3.0
2012-10-10 04:00:00,5.0,3.0,2.0
2012-10-10 05:00:00,25.0,16.0,9.0
2012-10-10 06:00:00,149.0,109.0,40.0
2012-10-10 07:00:00,340.0,245.0,95.0
2012-10-10 08:00:00,435.0,302.0,133.0
2012-10-10 09:00:00,255.0,156.0,99.0
2012-10-10 10:00:00,97.0,53.0,44.0
2012-10-10 11:00:00,55.0,34.0,21.0
2012-10-10 12:00:00,87.0,47.0,40.0
2012-10-10 13:00:00,94.0,46.0,48.0
2012-10-10 14:00:00,93.0,54.0,39.0
2012-10-10 15:00:00,130.0,65.0,65.0
2012-10-10 16:00:00,230.0,102.0,128.0
2012-10-10 17:00:00,532.0,155.0,377.0
2012-10-10 18:00:00,331.0,116.0,215.0
2012-10-10 19:00:00,145.0,51.0,94.0
2012-10-10 20:00:00,86.0,30.0,56.0
2012-10-10 21:00:00,62.0,24.0,38.0
2012-10-10 22:00:00,36.0,17.0,19.0
2012-10-10 23:00:00,23.0,10.0,13.0
2012-10-11 00:00:00,21.0,7.0,14.0
2012-10-11 01:00:00,10.0,4.0,6.0
2012-10-11 02:00:00,13.0,8.0,5.0
2012-10-11 03:00:00,2.0,0.0,2.0
2012-10-11 04:00:00,12.0,11.0,1.0
2012-10-11 05:00:00,12.0,0.0,12.0
2012-10-11 06:00:00,43.0,2.0,41.0
2012-10-11 07:00:00,304.0,225.0,79.0
2012-10-11 08:00:00,404.0,282.0,122.0
2012-10-11 09:00:00,189.0,141.0,48.0
2012-10-11 10:00:00,4.0,4.0,0.0
2012-10-11 11:00:00,92.0,87.0,5.0
2012-10-11 12:00:00,81.0,44.0,37.0
2012-10-11 13:00:00,118.0,60.0,58.0
2012-10-11 14:00:00,108.0,52.0,56.0
2012-10-11 15:00:00,143.0,74.0,69.0
2012-10-11 16:00:00,270.0,135.0,135.0
2012-10-11 17:00:00,517.0,157.0,360.0
2012-10-11 18:00:00,299.0,113.0,186.0
2012-10-11 19:00:00,149.0,57.0,92.0
2012-10-11 20:00:00,104.0,44.0,60.0
2012-10-11 21:00:00,71.0,26.0,45.0
2012-10-11 22:00:00,48.0,29.0,19.0
2012-10-11 23:00:00,33.0,17.0,16.0
2012-10-12 00:00:00,17.0,8.0,9.0
2012-10-12 01:00:00,13.0,7.0,6.0
2012-10-12 02:00:00,5.0,4.0,1.0
2012-10-12 03:00:00,7.0,4.0,3.0
2012-10-12 04:00:00,5.0,2.0,3.0
2012-10-12 05:00:00,14.0,10.0,4.0
2012-10-12 06:00:00,87.0,57.0,30.0
2012-10-12 07:00:00,183.0,125.0,58.0
2012-10-12 08:00:00,268.0,182.0,86.0
2012-10-12 09:00:00,145.0,100.0,45.0
2012-10-12 10:00:00,62.0,33.0,29.0
2012-10-12 11:00:00,58.0,27.0,31.0
2012-10-12 12:00:00,69.0,41.0,28.0
2012-10-12 13:00:00,72.0,39.0,33.0
2012-10-12 14:00:00,65.0,35.0,30.0
2012-10-12 15:00:00,113.0,50.0,63.0
2012-10-12 16:00:00,165.0,69.0,96.0
2012-10-12 17:00:00,304.0,92.0,212.0
2012-10-12 18:00:00,178.0,66.0,112.0
2012-10-12 19:00:00,79.0,30.0,49.0
2012-10-12 20:00:00,38.0,11.0,27.0
2012-10-12 21:00:00,26.0,10.0,16.0
2012-10-12 22:00:00,14.0,11.0,3.0
2012-10-12 23:00:00,24.0,9.0,15.0
2012-10-13 00:00:00,18.0,6.0,12.0
2012-10-13 01:00:00,11.0,5.0,6.0
2012-10-13 02:00:00,16.0,10.0,6.0
2012-10-13 03:00:00,4.0,4.0,0.0
2012-10-13 04:00:00,3.0,1.0,2.0
2012-10-13 05:00:00,10.0,7.0,3.0
2012-10-13 06:00:00,14.0,9.0,5.0
2012-10-13 07:00:00,30.0,17.0,13.0
2012-10-13 08:00:00,32.0,24.0,8.0
2012-10-13 09:00:00,41.0,21.0,20.0
2012-10-13 10:00:00,46.0,29.0,17.0
2012-10-13 11:00:00,42.0,28.0,14.0
2012-10-13 12:00:00,72.0,48.0,24.0
2012-10-13 13:00:00,64.0,38.0,26.0
2012-10-13 14:00:00,62.0,30.0,32.0
2012-10-13 15:00:00,41.0,21.0,20.0
2012-10-13 16:00:00,58.0,26.0,32.0
2012-10-13 17:00:00,50.0,25.0,25.0
2012-10-13 18:00:00,59.0,35.0,24.0
2012-10-13 19:00:00,27.0,10.0,17.0
2012-10-13 20:00:00,19.0,9.0,10.0
2012-10-13 21:00:00,10.0,4.0,6.0
2012-10-13 22:00:00,18.0,4.0,14.0
2012-10-13 23:00:00,19.0,4.0,15.0
2012-10-14 00:00:00,6.0,3.0,3.0
2012-10-14 01:00:00,9.0,5.0,4.0
2012-10-14 02:00:00,8.0,4.0,4.0
2012-10-14 03:00:00,4.0,4.0,0.0
2012-10-14 04:00:00,5.0,4.0,1.0
2012-10-14 05:00:00,3.0,3.0,0.0
2012-10-14 06:00:00,12.0,5.0,7.0
2012-10-14 07:00:00,14.0,10.0,4.0
2012-10-14 08:00:00,24.0,16.0,8.0
2012-10-14 09:00:00,54.0,28.0,26.0
2012-10-14 10:00:00,72.0,47.0,25.0
2012-10-14 11:00:00,81.0,63.0,18.0
2012-10-14 12:00:00,62.0,40.0,22.0
2012-10-14 13:00:00,82.0,49.0,33.0
2012-10-14 14:00:00,58.0,28.0,30.0
2012-10-14 15:00:00,37.0,22.0,15.0
2012-10-14 16:00:00,34.0,18.0,16.0
2012-10-14 17:00:00,37.0,27.0,10.0
2012-10-14 18:00:00,27.0,18.0,9.0
2012-10-14 19:00:00,23.0,10.0,13.0
2012-10-14 20:00:00,11.0,5.0,6.0
2012-10-14 21:00:00,12.0,8.0,4.0
2012-10-14 22:00:00,13.0,7.0,6.0
2012-10-14 23:00:00,10.0,3.0,7.0
2012-10-15 00:00:00,7.0,2.0,5.0
2012-10-15 01:00:00,3.0,2.0,1.0
2012-10-15 02:00:00,5.0,4.0,1.0
2012-10-15 03:00:00,3.0,1.0,2.0
2012-10-15 04:00:00,6.0,4.0,2.0
2012-10-15 05:00:00,26.0,19.0,7.0
2012-10-15 06:00:00,93.0,59.0,34.0
2012-10-15 07:00:00,225.0,167.0,58.0
2012-10-15 08:00:00,327.0,235.0,92.0
2012-10-15 09:00:00,203.0,130.0,73.0
2012-10-15 10:00:00,86.0,57.0,29.0
2012-10-15 11:00:00,66.0,45.0,21.0
2012-10-15 12:00:00,84.0,46.0,38.0
2012-10-15 13:00:00,71.0,42.0,29.0
2012-10-15 14:00:00,73.0,40.0,33.0
2012-10-15 15:00:00,107.0,49.0,58.0
2012-10-15 16:00:00,140.0,64.0,76.0
2012-10-15 17:00:00,335.0,96.0,239.0
2012-10-15 18:00:00,204.0,54.0,150.0
2012-10-15 19:00:00,78.0,27.0,51.0
2012-10-15 20:00:00,55.0,17.0,38.0
2012-10-15 21:00:00,36.0,18.0,18.0
2012-10-15 22:00:00,26.0,15.0,11.0
2012-10-15 23:00:00,14.0,7.0,7.0
2012-10-16 00:00:00,10.0,6.0,4.0
2012-10-16 01:00:00,5.0,2.0,3.0
2012-10-16 02:00:00,3.0,3.0,0.0
2012-10-16 03:00:00,5.0,1.0,4.0
2012-10-16 04:00:00,5.0,2.0,3.0
2012-10-16 05:00:00,29.0,21.0,8.0
2012-10-16 06:00:00,122.0,88.0,34.0
2012-10-16 07:00:00,256.0,187.0,69.0
2012-10-16 08:00:00,357.0,253.0,104.0
2012-10-16 09:00:00,207.0,130.0,77.0
2012-10-16 10:00:00,124.0,77.0,47.0
2012-10-16 11:00:00,83.0,47.0,36.0
2012-10-16 12:00:00,75.0,49.0,26.0
2012-10-16 13:00:00,90.0,48.0,42.0
2012-10-16 14:00:00,97.0,53.0,44.0
2012-10-16 15:00:00,163.0,77.0,86.0
2012-10-16 16:00:00,255.0,109.0,146.0
2012-10-16 17:00:00,500.0,147.0,353.0
2012-10-16 18:00:00,307.0,109.0,198.0
2012-10-16 19:00:00,135.0,45.0,90.0
2012-10-16 20:00:00,88.0,41.0,47.0
2012-10-16 21:00:00,65.0,35.0,30.0
2012-10-16 22:00:00,30.0,16.0,14.0
2012-10-16 23:00:00,25.0,13.0,12.0
2012-10-17 00:00:00,22.0,13.0,9.0
2012-10-17 01:00:00,6.0,3.0,3.0
2012-10-17 02:00:00,5.0,2.0,3.0
2012-10-17 03:00:00,4.0,0.0,4.0
2012-10-17 04:00:00,7.0,4.0,3.0
2012-10-17 05:00:00,30.0,21.0,9.0
2012-10-17 06:00:00,133.0,89.0,44.0
2012-10-17 07:00:00,298.0,213.0,85.0
2012-10-17 08:00:00,416.0,283.0,133.0
2012-10-17 09:00:00,244.0,166.0,78.0
2012-10-17 10:00:00,96.0,49.0,47.0
2012-10-17 11:00:00,78.0,52.0,26.0
2012-10-17 12:00:00,111.0,61.0,50.0
2012-10-17 13:00:00,96.0,56.0,40.0
2012-10-17 14:00:00,105.0,54.0,51.0
2012-10-17 15:00:00,161.0,72.0,89.0
2012-10-17 16:00:00,258.0,113.0,145.0
2012-10-17 17:00:00,482.0,150.0,332.0
2012-10-17 18:00:00,358.0,117.0,241.0
2012-10-17 19:00:00,145.0,51.0,94.0
2012-10-17 20:00:00,58.0,18.0,40.0
2012-10-17 21:00:00,66.0,25.0,41.0
2012-10-17 22:00:00,48.0,25.0,23.0
2012-10-17 23:00:00,16.0,10.0,6.0
2012-10-18 00:00:00,7.0,7.0,0.0
2012-10-18 01:00:00,7.0,3.0,4.0
2012-10-18 02:00:00,9.0,5.0,4.0
2012-10-18 03:00:00,5.0,1.0,4.0
2012-10-18 04:00:00,8.0,7.0,1.0
2012-10-18 05:00:00,26.0,14.0,12.0
2012-10-18 06:00:00,123.0,88.0,35.0
2012-10-18 07:00:00,279.0,206.0,73.0
2012-10-18 08:00:00,376.0,246.0,130.0
2012-10-18 09:00:00,230.0,147.0,83.0
2012-10-18 10:00:00,94.0,59.0,35.0
2012-10-18 11:00:00,93.0,47.0,46.0
2012-10-18 12:00:00,110.0,54.0,56.0
2012-10-18 13:00:00,121.0,51.0,70.0
2012-10-18 14:00:00,104.0,53.0,51.0
2012-10-18 15:00:00,145.0,68.0,77.0
2012-10-18 16:00:00,230.0,98.0,132.0
2012-10-18 17:00:00,464.0,130.0,334.0
2012-10-18 18:00:00,280.0,89.0,191.0
2012-10-18 19:00:00,87.0,25.0,62.0
2012-10-18 20:00:00,59.0,25.0,34.0
2012-10-18 21:00:00,36.0,13.0,23.0
2012-10-18 22:00:00,16.0,6.0,10.0
2012-10-18 23:00:00,14.0,7.0,7.0
2012-10-19 00:00:00,12.0,3.0,9.0
2012-10-19 01:00:00,4.0,3.0,1.0
2012-10-19 02:00:00,5.0,4.0,1.0
2012-10-19 03:00:00,2.0,0.0,2.0
2012-10-19 04:00:00,9.0,4.0,5.0
2012-10-19 05:00:00,26.0,20.0,6.0
2012-10-19 06:00:00,71.0,50.0,21.0
2012-10-19 07:00:00,180.0,126.0,54.0
2012-10-19 08:00:00,245.0,169.0,76.0
2012-10-19 09:00:00,169.0,93.0,76.0
2012-10-19 10:00:00,65.0,41.0,24.0
2012-10-19 11:00:00,52.0,26.0,26.0
2012-10-19 12:00:00,50.0,26.0,24.0
2012-10-19 13:00:00,78.0,34.0,44.0
2012-10-19 14:00:00,75.0,39.0,36.0
2012-10-19 15:00:00,110.0,54.0,56.0
2012-10-19 16:00:00,177.0,79.0,98.0
2012-10-19 17:00:00,297.0,85.0,212.0
2012-10-19 18:00:00,191.0,57.0,134.0
2012-10-19 19:00:00,62.0,16.0,46.0
2012-10-19 20:00:00,42.0,13.0,29.0
2012-10-19 21:00:00,19.0,7.0,12.0
2012-10-19 22:00:00,17.0,8.0,9.0
2012-10-19 23:00:00,19.0,8.0,11.0
2012-10-20 00:00:00,9.0,4.0,5.0
2012-10-20 01:00:00,8.0,1.0,7.0
2012-10-20 02:00:00,12.0,8.0,4.0
2012-10-20 03:00:00,5.0,2.0,3.0
2012-10-20 04:00:00,3.0,1.0,2.0
2012-10-20 05:00:00,15.0,9.0,6.0
2012-10-20 06:00:00,16.0,10.0,6.0
2012-10-20 07:00:00,28.0,16.0,12.0
2012-10-20 08:00:00,46.0,28.0,18.0
2012-10-20 09:00:00,59.0,29.0,30.0
2012-10-20 10:00:00,83.0,52.0,31.0
2012-10-20 11:00:00,92.0,59.0,33.0
2012-10-20 12:00:00,98.0,64.0,34.0
2012-10-20 13:00:00,113.0,62.0,51.0
2012-10-20 14:00:00,98.0,52.0,46.0
2012-10-20 15:00:00,72.0,44.0,28.0
2012-10-20 16:00:00,76.0,30.0,46.0
2012-10-20 17:00:00,63.0,37.0,26.0
2012-10-20 18:00:00,69.0,31.0,38.0
2012-10-20 19:00:00,36.0,18.0,18.0
2012-10-20 20:00:00,22.0,10.0,12.0
2012-10-20 21:00:00,13.0,5.0,8.0
2012-10-20 22:00:00,12.0,6.0,6.0
2012-10-20 23:00:00,20.0,8.0,12.0
2012-10-21 00:00:00,17.0,5.0,12.0
2012-10-21 01:00:00,11.0,2.0,9.0
2012-10-21 02:00:00,11.0,7.0,4.0
2012-10-21 03:00:00,4.0,3.0,1.0
2012-10-21 04:00:00,4.0,3.0,1.0
2012-10-21 05:00:00,8.0,4.0,4.0
2012-10-21 06:00:00,13.0,8.0,5.0
2012-10-21 07:00:00,15.0,9.0,6.0
2012-10-21 08:00:00,37.0,26.0,11.0
2012-10-21 09:00:00,50.0,28.0,22.0
2012-10-21 10:00:00,66.0,38.0,28.0
2012-10-21 11:00:00,57.0,34.0,23.0
2012-10-21 12:00:00,100.0,63.0,37.0
2012-10-21 13:00:00,89.0,48.0,41.0
2012-10-21 14:00:00,114.0,67.0,47.0
2012-10-21 15:00:00,115.0,63.0,52.0
2012-10-21 16:00:00,72.0,42.0,30.0
2012-10-21 17:00:00,82.0,36.0,46.0
2012-10-21 18:00:00,44.0,25.0,19.0
2012-10-21 19:00:00,17.0,7.0,10.0
2012-10-21 20:00:00,21.0,3.0,18.0
2012-10-21 21:00:00,26.0,16.0,10.0
2012-10-21 22:00:00,9.0,2.0,7.0
2012-10-21 23:00:00,7.0,1.0,6.0
2012-10-22 00:00:00,6.0,4.0,2.0
2012-10-22 01:00:00,4.0,1.0,3.0
2012-10-22 02:00:00,2.0,2.0,0.0
2012-10-22 03:00:00,4.0,1.0,3.0
2012-10-22 04:00:00,10.0,5.0,5.0
2012-10-22 05:00:00,27.0,19.0,8.0
2012-10-22 06:00:00,117.0,85.0,32.0
2012-10-22 07:00:00,258.0,184.0,74.0
2012-10-22 08:00:00,348.0,256.0,92.0
2012-10-22 09:00:00,161.0,107.0,54.0
2012-10-22 10:00:00,67.0,29.0,38.0
2012-10-22 11:00:00,42.0,22.0,20.0
2012-10-22 12:00:00,41.0,18.0,23.0
2012-10-22 13:00:00,40.0,20.0,20.0
2012-10-22 14:00:00,45.0,19.0,26.0
2012-10-22 15:00:00,71.0,33.0,38.0
2012-10-22 16:00:00,150.0,63.0,87.0
2012-10-22 17:00:00,369.0,97.0,272.0
2012-10-22 18:00:00,199.0,54.0,145.0
2012-10-22 19:00:00,74.0,25.0,49.0
2012-10-22 20:00:00,40.0,14.0,26.0
2012-10-22 21:00:00,28.0,17.0,11.0
2012-10-22 22:00:00,15.0,6.0,9.0
2012-10-22 23:00:00,11.0,7.0,4.0
2012-10-23 00:00:00,6.0,3.0,3.0
2012-10-23 01:00:00,2.0,1.0,1.0
2012-10-23 02:00:00,3.0,2.0,1.0
2012-10-23 03:00:00,1.0,0.0,1.0
2012-10-23 04:00:00,11.0,5.0,6.0
2012-10-23 05:00:00,35.0,27.0,8.0
2012-10-23 06:00:00,112.0,79.0,33.0
2012-10-23 07:00:00,236.0,169.0,67.0
2012-10-23 08:00:00,343.0,238.0,105.0
2012-10-23 09:00:00,168.0,110.0,58.0
2012-10-23 10:00:00,79.0,48.0,31.0
2012-10-23 11:00:00,52.0,27.0,25.0
2012-10-23 12:00:00,68.0,33.0,35.0
2012-10-23 13:00:00,59.0,36.0,23.0
2012-10-23 14:00:00,76.0,38.0,38.0
2012-10-23 15:00:00,100.0,51.0,49.0
2012-10-23 16:00:00,190.0,76.0,114.0
2012-10-23 17:00:00,434.0,135.0,299.0
2012-10-23 18:00:00,270.0,76.0,194.0
2012-10-23 19:00:00,104.0,37.0,67.0
2012-10-23 20:00:00,59.0,21.0,38.0
2012-10-23 21:00:00,50.0,24.0,26.0
2012-10-23 22:00:00,21.0,11.0,10.0
2012-10-23 23:00:00,21.0,16.0,5.0
2012-10-24 00:00:00,11.0,3.0,8.0
2012-10-24 01:00:00,11.0,2.0,9.0
2012-10-24 02:00:00,9.0,7.0,2.0
2012-10-24 03:00:00,4.0,1.0,3.0
2012-10-24 04:00:00,5.0,2.0,3.0
2012-10-24 05:00:00,25.0,16.0,9.0
2012-10-24 06:00:00,118.0,79.0,39.0
2012-10-24 07:00:00,225.0,158.0,67.0
2012-10-24 08:00:00,313.0,224.0,89.0
2012-10-24 09:00:00,172.0,108.0,64.0
2012-10-24 10:00:00,78.0,40.0,38.0
2012-10-24 11:00:00,49.0,35.0,14.0
2012-10-24 12:00:00,35.0,20.0,15.0
2012-10-24 13:00:00,66.0,38.0,28.0
2012-10-24 14:00:00,78.0,46.0,32.0
2012-10-24 15:00:00,101.0,40.0,61.0
2012-10-24 16:00:00,192.0,88.0,104.0
2012-10-24 17:00:00,399.0,138.0,261.0
2012-10-24 18:00:00,265.0,100.0,165.0
2012-10-24 19:00:00,117.0,38.0,79.0
2012-10-24 20:00:00,62.0,27.0,35.0
2012-10-24 21:00:00,46.0,20.0,26.0
2012-10-24 22:00:00,33.0,12.0,21.0
2012-10-24 23:00:00,15.0,8.0,7.0
2012-10-25 00:00:00,3.0,2.0,1.0
2012-10-25 01:00:00,6.0,1.0,5.0
2012-10-25 02:00:00,3.0,2.0,1.0
2012-10-25 03:00:00,3.0,1.0,2.0
2012-10-25 04:00:00,5.0,4.0,1.0
2012-10-25 05:00:00,33.0,19.0,14.0
2012-10-25 06:00:00,119.0,81.0,38.0
2012-10-25 07:00:00,244.0,184.0,60.0
2012-10-25 08:00:00,341.0,227.0,114.0
2012-10-25 09:00:00,202.0,133.0,69.0
2012-10-25 10:00:00,83.0,60.0,23.0
2012-10-25 11:00:00,55.0,29.0,26.0
2012-10-25 12:00:00,74.0,39.0,35.0
2012-10-25 13:00:00,80.0,42.0,38.0
2012-10-25 14:00:00,90.0,52.0,38.0
2012-10-25 15:00:00,146.0,60.0,86.0
2012-10-25 16:00:00,231.0,93.0,138.0
2012-10-25 17:00:00,425.0,130.0,295.0
2012-10-25 18:00:00,272.0,79.0,193.0
2012-10-25 19:00:00,108.0,47.0,61.0
2012-10-25 20:00:00,79.0,30.0,49.0
2012-10-25 21:00:00,55.0,21.0,34.0
2012-10-25 22:00:00,28.0,9.0,19.0
2012-10-25 23:00:00,28.0,16.0,12.0
2012-10-26 00:00:00,19.0,11.0,8.0
2012-10-26 01:00:00,16.0,9.0,7.0
2012-10-26 02:00:00,4.0,3.0,1.0
2012-10-26 03:00:00,1.0,0.0,1.0
2012-10-26 04:00:00,10.0,4.0,6.0
2012-10-26 05:00:00,21.0,12.0,9.0
2012-10-26 06:00:00,87.0,55.0,32.0
2012-10-26 07:00:00,203.0,137.0,66.0
2012-10-26 08:00:00,283.0,187.0,96.0
2012-10-26 09:00:00,171.0,116.0,55.0
2012-10-26 10:00:00,86.0,59.0,27.0
2012-10-26 11:00:00,50.0,28.0,22.0
2012-10-26 12:00:00,42.0,22.0,20.0
2012-10-26 13:00:00,40.0,13.0,27.0
2012-10-26 14:00:00,59.0,26.0,33.0
2012-10-26 15:00:00,116.0,49.0,67.0
2012-10-26 16:00:00,198.0,90.0,108.0
2012-10-26 17:00:00,298.0,94.0,204.0
2012-10-26 18:00:00,196.0,65.0,131.0
2012-10-26 19:00:00,65.0,22.0,43.0
2012-10-26 20:00:00,42.0,14.0,28.0
2012-10-26 21:00:00,33.0,9.0,24.0
2012-10-26 22:00:00,15.0,6.0,9.0
2012-10-26 23:00:00,18.0,8.0,10.0
2012-10-27 00:00:00,12.0,6.0,6.0
2012-10-27 01:00:00,9.0,6.0,3.0
2012-10-27 02:00:00,16.0,6.0,10.0
2012-10-27 03:00:00,2.0,1.0,1.0
2012-10-27 04:00:00,5.0,2.0,3.0
2012-10-27 05:00:00,13.0,7.0,6.0
2012-10-27 06:00:00,13.0,7.0,6.0
2012-10-27 07:00:00,15.0,9.0,6.0
2012-10-27 08:00:00,25.0,12.0,13.0
2012-10-27 09:00:00,25.0,14.0,11.0
2012-10-27 10:00:00,21.0,10.0,11.0
2012-10-27 11:00:00,31.0,22.0,9.0
2012-10-27 12:00:00,25.0,13.0,12.0
2012-10-27 13:00:00,41.0,28.0,13.0
2012-10-27 14:00:00,51.0,23.0,28.0
2012-10-27 15:00:00,51.0,30.0,21.0
2012-10-27 16:00:00,59.0,27.0,32.0
2012-10-27 17:00:00,36.0,26.0,10.0
2012-10-27 18:00:00,18.0,11.0,7.0
2012-10-27 19:00:00,15.0,8.0,7.0
2012-10-27 20:00:00,8.0,5.0,3.0
2012-10-27 21:00:00,17.0,6.0,11.0
2012-10-27 22:00:00,12.0,7.0,5.0
2012-10-27 23:00:00,11.0,3.0,8.0
2012-10-28 00:00:00,10.0,5.0,5.0
2012-10-28 01:00:00,11.0,0.0,11.0
2012-10-28 02:00:00,7.0,4.0,3.0
2012-10-28 03:00:00,4.0,1.0,3.0
2012-10-28 04:00:00,3.0,2.0,1.0
2012-10-28 05:00:00,6.0,5.0,1.0
2012-10-28 06:00:00,10.0,1.0,9.0
2012-10-28 07:00:00,17.0,11.0,6.0
2012-10-28 08:00:00,31.0,16.0,15.0
2012-10-28 09:00:00,42.0,18.0,24.0
2012-10-28 10:00:00,53.0,29.0,24.0
2012-10-28 11:00:00,78.0,47.0,31.0
2012-10-28 12:00:00,115.0,73.0,42.0
2012-10-28 13:00:00,125.0,74.0,51.0
2012-10-28 14:00:00,138.0,89.0,49.0
2012-10-28 15:00:00,120.0,74.0,46.0
2012-10-28 16:00:00,99.0,59.0,40.0
2012-10-28 17:00:00,89.0,50.0,39.0
2012-10-28 18:00:00,34.0,21.0,13.0
2012-10-28 19:00:00,21.0,10.0,11.0
2012-10-28 20:00:00,17.0,8.0,9.0
2012-10-28 21:00:00,12.0,5.0,7.0
2012-10-28 22:00:00,14.0,8.0,6.0
2012-10-28 23:00:00,6.0,1.0,5.0
2012-10-29 00:00:00,11.0,4.0,7.0
2012-10-29 01:00:00,1.0,0.0,1.0
2012-10-29 02:00:00,3.0,2.0,1.0
2012-10-29 03:00:00,2.0,0.0,2.0
2012-10-29 04:00:00,5.0,2.0,3.0
2012-10-29 05:00:00,22.0,17.0,5.0
2012-10-29 06:00:00,95.0,65.0,30.0
2012-10-29 07:00:00,214.0,161.0,53.0
2012-10-29 08:00:00,274.0,187.0,87.0
2012-10-29 09:00:00,152.0,101.0,51.0
2012-10-29 10:00:00,73.0,37.0,36.0
2012-10-29 11:00:00,55.0,26.0,29.0
2012-10-29 12:00:00,57.0,36.0,21.0
2012-10-29 13:00:00,63.0,40.0,23.0
2012-10-29 14:00:00,82.0,48.0,34.0
2012-10-29 15:00:00,89.0,36.0,53.0
2012-10-29 16:00:00,177.0,92.0,85.0
2012-10-29 17:00:00,376.0,129.0,247.0
2012-10-29 18:00:00,246.0,82.0,164.0
2012-10-29 19:00:00,93.0,35.0,58.0
2012-10-29 20:00:00,55.0,19.0,36.0
2012-10-29 21:00:00,40.0,13.0,27.0
2012-10-29 22:00:00,15.0,6.0,9.0
2012-10-29 23:00:00,17.0,8.0,9.0
2012-10-30 00:00:00,15.0,8.0,7.0
2012-10-30 01:00:00,1.0,1.0,0.0
2012-10-30 02:00:00,5.0,4.0,1.0
2012-10-30 03:00:00,3.0,1.0,2.0
2012-10-30 04:00:00,6.0,3.0,3.0
2012-10-30 05:00:00,24.0,18.0,6.0
2012-10-30 06:00:00,82.0,59.0,23.0
2012-10-30 07:00:00,200.0,151.0,49.0
2012-10-30 08:00:00,260.0,185.0,75.0
2012-10-30 09:00:00,141.0,88.0,53.0
2012-10-30 10:00:00,56.0,33.0,23.0
2012-10-30 11:00:00,35.0,22.0,13.0
2012-10-30 12:00:00,30.0,17.0,13.0
2012-10-30 13:00:00,41.0,27.0,14.0
2012-10-30 14:00:00,43.0,19.0,24.0
2012-10-30 15:00:00,64.0,33.0,31.0
2012-10-30 16:00:00,113.0,43.0,70.0
2012-10-30 17:00:00,282.0,83.0,199.0
2012-10-30 18:00:00,189.0,57.0,132.0
2012-10-30 19:00:00,65.0,21.0,44.0
2012-10-30 20:00:00,35.0,15.0,20.0
2012-10-30 21:00:00,16.0,8.0,8.0
2012-10-30 22:00:00,16.0,8.0,8.0
2012-10-30 23:00:00,13.0,8.0,5.0
2012-10-31 00:00:00,4.0,2.0,2.0
2012-10-31 01:00:00,5.0,4.0,1.0
2012-10-31 02:00:00,2.0,2.0,0.0
2012-10-31 03:00:00,1.0,0.0,1.0
2012-10-31 04:00:00,11.0,7.0,4.0
2012-10-31 05:00:00,11.0,7.0,4.0
2012-10-31 06:00:00,69.0,47.0,22.0
2012-10-31 07:00:00,170.0,133.0,37.0
2012-10-31 08:00:00,245.0,169.0,76.0
2012-10-31 09:00:00,125.0,88.0,37.0
2012-10-31 10:00:00,42.0,26.0,16.0
2012-10-31 11:00:00,53.0,36.0,17.0
2012-10-31 12:00:00,55.0,28.0,27.0
2012-10-31 13:00:00,35.0,14.0,21.0
2012-10-31 14:00:00,49.0,28.0,21.0
2012-10-31 15:00:00,80.0,32.0,48.0
2012-10-31 16:00:00,151.0,57.0,94.0
2012-10-31 17:00:00,280.0,91.0,189.0
2012-10-31 18:00:00,143.0,43.0,100.0
2012-10-31 19:00:00,88.0,34.0,54.0
2012-10-31 20:00:00,45.0,14.0,31.0
2012-10-31 21:00:00,14.0,8.0,6.0
2012-10-31 22:00:00,14.0,8.0,6.0
2012-10-31 23:00:00,18.0,5.0,13.0
2012-11-01 00:00:00,7.0,4.0,3.0
2012-11-01 01:00:00,5.0,2.0,3.0
2012-11-01 02:00:00,2.0,1.0,1.0
2012-11-01 03:00:00,0.0,0.0,0.0
2012-11-01 04:00:00,6.0,2.0,4.0
2012-11-01 05:00:00,18.0,11.0,7.0
2012-11-01 06:00:00,89.0,63.0,26.0
2012-11-01 07:00:00,198.0,146.0,52.0
2012-11-01 08:00:00,260.0,179.0,81.0
2012-11-01 09:00:00,130.0,75.0,55.0
2012-11-01 10:00:00,56.0,39.0,17.0
2012-11-01 11:00:00,40.0,23.0,17.0
2012-11-01 12:00:00,58.0,27.0,31.0
2012-11-01 13:00:00,68.0,41.0,27.0
2012-11-01 14:00:00,71.0,42.0,29.0
2012-11-01 15:00:00,100.0,40.0,60.0
2012-11-01 16:00:00,187.0,94.0,93.0
2012-11-01 17:00:00,316.0,93.0,223.0
2012-11-01 18:00:00,233.0,71.0,162.0
2012-11-01 19:00:00,106.0,38.0,68.0
2012-11-01 20:00:00,59.0,24.0,35.0
2012-11-01 21:00:00,40.0,22.0,18.0
2012-11-01 22:00:00,21.0,13.0,8.0
2012-11-01 23:00:00,21.0,11.0,10.0
2012-11-02 00:00:00,6.0,4.0,2.0
2012-11-02 01:00:00,7.0,3.0,4.0
2012-11-02 02:00:00,2.0,2.0,0.0
2012-11-02 03:00:00,4.0,3.0,1.0
2012-11-02 04:00:00,10.0,5.0,5.0
2012-11-02 05:00:00,17.0,11.0,6.0
2012-11-02 06:00:00,114.0,76.0,38.0
2012-11-02 07:00:00,230.0,162.0,68.0
2012-11-02 08:00:00,336.0,245.0,91.0
2012-11-02 09:00:00,198.0,133.0,65.0
2012-11-02 10:00:00,80.0,41.0,39.0
2012-11-02 11:00:00,75.0,41.0,34.0
2012-11-02 12:00:00,80.0,49.0,31.0
2012-11-02 13:00:00,107.0,59.0,48.0
2012-11-02 14:00:00,91.0,62.0,29.0
2012-11-02 15:00:00,159.0,92.0,67.0
2012-11-02 16:00:00,235.0,114.0,121.0
2012-11-02 17:00:00,348.0,94.0,254.0
2012-11-02 18:00:00,195.0,73.0,122.0
2012-11-02 19:00:00,73.0,23.0,50.0
2012-11-02 20:00:00,41.0,17.0,24.0
2012-11-02 21:00:00,33.0,20.0,13.0
2012-11-02 22:00:00,23.0,10.0,13.0
2012-11-02 23:00:00,14.0,6.0,8.0
2012-11-03 00:00:00,12.0,7.0,5.0
2012-11-03 01:00:00,6.0,2.0,4.0
2012-11-03 02:00:00,5.0,3.0,2.0
2012-11-03 03:00:00,2.0,2.0,0.0
2012-11-03 04:00:00,4.0,2.0,2.0
2012-11-03 05:00:00,12.0,6.0,6.0
2012-11-03 06:00:00,13.0,10.0,3.0
2012-11-03 07:00:00,13.0,7.0,6.0
2012-11-03 08:00:00,33.0,19.0,14.0
2012-11-03 09:00:00,69.0,33.0,36.0
2012-11-03 10:00:00,62.0,36.0,26.0
2012-11-03 11:00:00,88.0,49.0,39.0
2012-11-03 12:00:00,79.0,55.0,24.0
2012-11-03 13:00:00,82.0,47.0,35.0
2012-11-03 14:00:00,109.0,55.0,54.0
2012-11-03 15:00:00,71.0,35.0,36.0
2012-11-03 16:00:00,73.0,41.0,32.0
2012-11-03 17:00:00,65.0,31.0,34.0
2012-11-03 18:00:00,52.0,27.0,25.0
2012-11-03 19:00:00,35.0,19.0,16.0
2012-11-03 20:00:00,24.0,9.0,15.0
2012-11-03 21:00:00,9.0,4.0,5.0
2012-11-03 22:00:00,13.0,7.0,6.0
2012-11-03 23:00:00,21.0,7.0,14.0
2012-11-04 00:00:00,18.0,7.0,11.0
2012-11-04 01:00:00,10.0,6.0,4.0
2012-11-04 02:00:00,10.0,5.0,5.0
2012-11-04 03:00:00,3.0,1.0,2.0
2012-11-04 04:00:00,3.0,1.0,2.0
2012-11-04 05:00:00,7.0,5.0,2.0
2012-11-04 06:00:00,12.0,9.0,3.0
2012-11-04 07:00:00,29.0,17.0,12.0
2012-11-04 08:00:00,51.0,27.0,24.0
2012-11-04 09:00:00,68.0,34.0,34.0
2012-11-04 10:00:00,75.0,47.0,28.0
2012-11-04 11:00:00,90.0,56.0,34.0
2012-11-04 12:00:00,112.0,68.0,44.0
2012-11-04 13:00:00,98.0,57.0,41.0
2012-11-04 14:00:00,73.0,44.0,29.0
2012-11-04 15:00:00,90.0,45.0,45.0
2012-11-04 16:00:00,97.0,46.0,51.0
2012-11-04 17:00:00,55.0,19.0,36.0
2012-11-04 18:00:00,42.0,27.0,15.0
2012-11-04 19:00:00,12.0,4.0,8.0
2012-11-04 20:00:00,21.0,10.0,11.0
2012-11-04 21:00:00,13.0,5.0,8.0
2012-11-04 22:00:00,13.0,6.0,7.0
2012-11-04 23:00:00,9.0,2.0,7.0
2012-11-05 00:00:00,7.0,5.0,2.0
2012-11-05 01:00:00,3.0,2.0,1.0
2012-11-05 02:00:00,2.0,1.0,1.0
2012-11-05 03:00:00,3.0,1.0,2.0
2012-11-05 04:00:00,5.0,2.0,3.0
2012-11-05 05:00:00,25.0,18.0,7.0
2012-11-05 06:00:00,126.0,81.0,45.0
2012-11-05 07:00:00,312.0,238.0,74.0
2012-11-05 08:00:00,373.0,252.0,121.0
2012-11-05 09:00:00,182.0,105.0,77.0
2012-11-05 10:00:00,91.0,65.0,26.0
2012-11-05 11:00:00,57.0,38.0,19.0
2012-11-05 12:00:00,95.0,41.0,54.0
2012-11-05 13:00:00,63.0,31.0,32.0
2012-11-05 14:00:00,98.0,58.0,40.0
2012-11-05 15:00:00,123.0,65.0,58.0
2012-11-05 16:00:00,246.0,112.0,134.0
2012-11-05 17:00:00,470.0,126.0,344.0
2012-11-05 18:00:00,261.0,84.0,177.0
2012-11-05 19:00:00,108.0,30.0,78.0
2012-11-05 20:00:00,68.0,32.0,36.0
2012-11-05 21:00:00,45.0,21.0,24.0
2012-11-05 22:00:00,24.0,13.0,11.0
2012-11-05 23:00:00,23.0,9.0,14.0
2012-11-06 00:00:00,10.0,5.0,5.0
2012-11-06 01:00:00,7.0,4.0,3.0
2012-11-06 02:00:00,5.0,3.0,2.0
2012-11-06 03:00:00,3.0,1.0,2.0
2012-11-06 04:00:00,8.0,5.0,3.0
2012-11-06 05:00:00,27.0,18.0,9.0
2012-11-06 06:00:00,127.0,94.0,33.0
2012-11-06 07:00:00,280.0,217.0,63.0
2012-11-06 08:00:00,371.0,258.0,113.0
2012-11-06 09:00:00,164.0,109.0,55.0
2012-11-06 10:00:00,63.0,33.0,30.0
2012-11-06 11:00:00,54.0,32.0,22.0
2012-11-06 12:00:00,62.0,30.0,32.0
2012-11-06 13:00:00,66.0,40.0,26.0
2012-11-06 14:00:00,75.0,37.0,38.0
2012-11-06 15:00:00,111.0,53.0,58.0
2012-11-06 16:00:00,236.0,95.0,141.0
2012-11-06 17:00:00,403.0,105.0,298.0
2012-11-06 18:00:00,217.0,70.0,147.0
2012-11-06 19:00:00,80.0,33.0,47.0
2012-11-06 20:00:00,43.0,16.0,27.0
2012-11-06 21:00:00,32.0,12.0,20.0
2012-11-06 22:00:00,28.0,12.0,16.0
2012-11-06 23:00:00,21.0,5.0,16.0
2012-11-07 00:00:00,12.0,6.0,6.0
2012-11-07 01:00:00,5.0,4.0,1.0
2012-11-07 02:00:00,6.0,4.0,2.0
2012-11-07 03:00:00,6.0,1.0,5.0
2012-11-07 04:00:00,10.0,7.0,3.0
2012-11-07 05:00:00,14.0,9.0,5.0
2012-11-07 06:00:00,116.0,82.0,34.0
2012-11-07 07:00:00,266.0,189.0,77.0
2012-11-07 08:00:00,371.0,256.0,115.0
2012-11-07 09:00:00,200.0,137.0,63.0
2012-11-07 10:00:00,96.0,54.0,42.0
2012-11-07 11:00:00,58.0,34.0,24.0
2012-11-07 12:00:00,71.0,35.0,36.0
2012-11-07 13:00:00,67.0,37.0,30.0
2012-11-07 14:00:00,104.0,59.0,45.0
2012-11-07 15:00:00,132.0,60.0,72.0
2012-11-07 16:00:00,237.0,98.0,139.0
2012-11-07 17:00:00,387.0,112.0,275.0
2012-11-07 18:00:00,270.0,99.0,171.0
2012-11-07 19:00:00,114.0,48.0,66.0
2012-11-07 20:00:00,67.0,23.0,44.0
2012-11-07 21:00:00,45.0,19.0,26.0
2012-11-07 22:00:00,43.0,20.0,23.0
2012-11-07 23:00:00,22.0,13.0,9.0
2012-11-08 00:00:00,2.0,1.0,1.0
2012-11-08 01:00:00,6.0,3.0,3.0
2012-11-08 02:00:00,4.0,1.0,3.0
2012-11-08 03:00:00,6.0,2.0,4.0
2012-11-08 04:00:00,10.0,7.0,3.0
2012-11-08 05:00:00,24.0,15.0,9.0
2012-11-08 06:00:00,128.0,82.0,46.0
2012-11-08 07:00:00,279.0,203.0,76.0
2012-11-08 08:00:00,348.0,254.0,94.0
2012-11-08 09:00:00,206.0,130.0,76.0
2012-11-08 10:00:00,88.0,54.0,34.0
2012-11-08 11:00:00,76.0,44.0,32.0
2012-11-08 12:00:00,71.0,40.0,31.0
2012-11-08 13:00:00,74.0,39.0,35.0
2012-11-08 14:00:00,89.0,54.0,35.0
2012-11-08 15:00:00,106.0,47.0,59.0
2012-11-08 16:00:00,256.0,94.0,162.0
2012-11-08 17:00:00,394.0,104.0,290.0
2012-11-08 18:00:00,258.0,89.0,169.0
2012-11-08 19:00:00,114.0,35.0,79.0
2012-11-08 20:00:00,59.0,20.0,39.0
2012-11-08 21:00:00,44.0,15.0,29.0
2012-11-08 22:00:00,27.0,13.0,14.0
2012-11-08 23:00:00,22.0,9.0,13.0
2012-11-09 00:00:00,19.0,11.0,8.0
2012-11-09 01:00:00,5.0,2.0,3.0
2012-11-09 02:00:00,5.0,4.0,1.0
2012-11-09 03:00:00,2.0,0.0,2.0
2012-11-09 04:00:00,7.0,5.0,2.0
2012-11-09 05:00:00,15.0,11.0,4.0
2012-11-09 06:00:00,100.0,60.0,40.0
2012-11-09 07:00:00,233.0,168.0,65.0
2012-11-09 08:00:00,329.0,232.0,97.0
2012-11-09 09:00:00,167.0,114.0,53.0
2012-11-09 10:00:00,92.0,53.0,39.0
2012-11-09 11:00:00,75.0,47.0,28.0
2012-11-09 12:00:00,66.0,46.0,20.0
2012-11-09 13:00:00,90.0,45.0,45.0
2012-11-09 14:00:00,102.0,54.0,48.0
2012-11-09 15:00:00,163.0,76.0,87.0
2012-11-09 16:00:00,222.0,91.0,131.0
2012-11-09 17:00:00,324.0,99.0,225.0
2012-11-09 18:00:00,208.0,66.0,142.0
2012-11-09 19:00:00,84.0,26.0,58.0
2012-11-09 20:00:00,32.0,7.0,25.0
2012-11-09 21:00:00,25.0,13.0,12.0
2012-11-09 22:00:00,25.0,13.0,12.0
2012-11-09 23:00:00,16.0,8.0,8.0
2012-11-10 00:00:00,20.0,5.0,15.0
2012-11-10 01:00:00,8.0,4.0,4.0
2012-11-10 02:00:00,10.0,4.0,6.0
2012-11-10 03:00:00,5.0,3.0,2.0
2012-11-10 04:00:00,4.0,2.0,2.0
2012-11-10 05:00:00,9.0,4.0,5.0
2012-11-10 06:00:00,15.0,6.0,9.0
2012-11-10 07:00:00,23.0,10.0,13.0
2012-11-10 08:00:00,44.0,25.0,19.0
2012-11-10 09:00:00,54.0,30.0,24.0
2012-11-10 10:00:00,102.0,63.0,39.0
2012-11-10 11:00:00,102.0,69.0,33.0
2012-11-10 12:00:00,138.0,75.0,63.0
2012-11-10 13:00:00,130.0,76.0,54.0
2012-11-10 14:00:00,142.0,69.0,73.0
2012-11-10 15:00:00,137.0,96.0,41.0
2012-11-10 16:00:00,109.0,51.0,58.0
2012-11-10 17:00:00,72.0,35.0,37.0
2012-11-10 18:00:00,47.0,17.0,30.0
2012-11-10 19:00:00,26.0,13.0,13.0
2012-11-10 20:00:00,24.0,10.0,14.0
2012-11-10 21:00:00,15.0,7.0,8.0
2012-11-10 22:00:00,15.0,5.0,10.0
2012-11-10 23:00:00,18.0,6.0,12.0
2012-11-11 00:00:00,10.0,7.0,3.0
2012-11-11 01:00:00,7.0,3.0,4.0
2012-11-11 02:00:00,8.0,0.0,8.0
2012-11-11 03:00:00,4.0,3.0,1.0
2012-11-11 04:00:00,3.0,3.0,0.0
2012-11-11 05:00:00,3.0,0.0,3.0
2012-11-11 06:00:00,12.0,1.0,11.0
2012-11-11 07:00:00,21.0,11.0,10.0
2012-11-11 08:00:00,36.0,21.0,15.0
2012-11-11 09:00:00,58.0,28.0,30.0
2012-11-11 10:00:00,54.0,40.0,14.0
2012-11-11 11:00:00,58.0,28.0,30.0
2012-11-11 12:00:00,51.0,27.0,24.0
2012-11-11 13:00:00,58.0,35.0,23.0
2012-11-11 14:00:00,71.0,39.0,32.0
2012-11-11 15:00:00,35.0,19.0,16.0
2012-11-11 16:00:00,39.0,27.0,12.0
2012-11-11 17:00:00,27.0,7.0,20.0
2012-11-11 18:00:00,19.0,5.0,14.0
2012-11-11 19:00:00,14.0,8.0,6.0
2012-11-11 20:00:00,11.0,5.0,6.0
2012-11-11 21:00:00,14.0,6.0,8.0
2012-11-11 22:00:00,7.0,4.0,3.0
2012-11-11 23:00:00,8.0,0.0,8.0
2012-11-12 00:00:00,4.0,4.0,0.0
2012-11-12 01:00:00,1.0,1.0,0.0
2012-11-12 02:00:00,4.0,2.0,2.0
2012-11-12 03:00:00,1.0,0.0,1.0
2012-11-12 04:00:00,2.0,1.0,1.0
2012-11-12 05:00:00,11.0,9.0,2.0
2012-11-12 06:00:00,63.0,44.0,19.0
2012-11-12 07:00:00,146.0,104.0,42.0
2012-11-12 08:00:00,213.0,148.0,65.0
2012-11-12 09:00:00,135.0,81.0,54.0
2012-11-12 10:00:00,52.0,31.0,21.0
2012-11-12 11:00:00,46.0,28.0,18.0
2012-11-12 12:00:00,43.0,28.0,15.0
2012-11-12 13:00:00,37.0,19.0,18.0
2012-11-12 14:00:00,60.0,34.0,26.0
2012-11-12 15:00:00,80.0,36.0,44.0
2012-11-12 16:00:00,138.0,62.0,76.0
2012-11-12 17:00:00,261.0,83.0,178.0
2012-11-12 18:00:00,176.0,63.0,113.0
2012-11-12 19:00:00,68.0,23.0,45.0
2012-11-12 20:00:00,23.0,7.0,16.0
2012-11-12 21:00:00,26.0,11.0,15.0
2012-11-12 22:00:00,24.0,13.0,11.0
2012-11-12 23:00:00,17.0,7.0,10.0
2012-11-13 00:00:00,9.0,4.0,5.0
2012-11-13 01:00:00,3.0,1.0,2.0
2012-11-13 02:00:00,4.0,3.0,1.0
2012-11-13 03:00:00,2.0,1.0,1.0
2012-11-13 04:00:00,8.0,6.0,2.0
2012-11-13 05:00:00,25.0,17.0,8.0
2012-11-13 06:00:00,113.0,76.0,37.0
2012-11-13 07:00:00,246.0,180.0,66.0
2012-11-13 08:00:00,318.0,218.0,100.0
2012-11-13 09:00:00,171.0,104.0,67.0
2012-11-13 10:00:00,56.0,30.0,26.0
2012-11-13 11:00:00,52.0,34.0,18.0
2012-11-13 12:00:00,28.0,22.0,6.0
2012-11-13 13:00:00,41.0,21.0,20.0
2012-11-13 14:00:00,51.0,21.0,30.0
2012-11-13 15:00:00,75.0,37.0,38.0
2012-11-13 16:00:00,164.0,58.0,106.0
2012-11-13 17:00:00,331.0,96.0,235.0
2012-11-13 18:00:00,205.0,63.0,142.0
2012-11-13 19:00:00,77.0,23.0,54.0
2012-11-13 20:00:00,40.0,11.0,29.0
2012-11-13 21:00:00,37.0,8.0,29.0
2012-11-13 22:00:00,19.0,9.0,10.0
2012-11-13 23:00:00,12.0,7.0,5.0
2012-11-14 00:00:00,1.0,0.0,1.0
2012-11-14 01:00:00,4.0,4.0,0.0
2012-11-14 02:00:00,4.0,3.0,1.0
2012-11-14 03:00:00,3.0,0.0,3.0
2012-11-14 04:00:00,8.0,5.0,3.0
2012-11-14 05:00:00,24.0,17.0,7.0
2012-11-14 06:00:00,123.0,86.0,37.0
2012-11-14 07:00:00,235.0,171.0,64.0
2012-11-14 08:00:00,353.0,247.0,106.0
2012-11-14 09:00:00,174.0,120.0,54.0
2012-11-14 10:00:00,93.0,56.0,37.0
2012-11-14 11:00:00,64.0,36.0,28.0
2012-11-14 12:00:00,70.0,31.0,39.0
2012-11-14 13:00:00,80.0,44.0,36.0
2012-11-14 14:00:00,78.0,42.0,36.0
2012-11-14 15:00:00,127.0,57.0,70.0
2012-11-14 16:00:00,218.0,91.0,127.0
2012-11-14 17:00:00,416.0,113.0,303.0
2012-11-14 18:00:00,244.0,75.0,169.0
2012-11-14 19:00:00,116.0,35.0,81.0
2012-11-14 20:00:00,67.0,26.0,41.0
2012-11-14 21:00:00,47.0,11.0,36.0
2012-11-14 22:00:00,29.0,12.0,17.0
2012-11-14 23:00:00,22.0,12.0,10.0
2012-11-15 00:00:00,6.0,2.0,4.0
2012-11-15 01:00:00,3.0,2.0,1.0
2012-11-15 02:00:00,4.0,3.0,1.0
2012-11-15 03:00:00,1.0,0.0,1.0
2012-11-15 04:00:00,8.0,5.0,3.0
2012-11-15 05:00:00,25.0,14.0,11.0
2012-11-15 06:00:00,109.0,79.0,30.0
2012-11-15 07:00:00,242.0,177.0,65.0
2012-11-15 08:00:00,309.0,214.0,95.0
2012-11-15 09:00:00,186.0,112.0,74.0
2012-11-15 10:00:00,76.0,51.0,25.0
2012-11-15 11:00:00,77.0,46.0,31.0
2012-11-15 12:00:00,77.0,42.0,35.0
2012-11-15 13:00:00,85.0,43.0,42.0
2012-11-15 14:00:00,105.0,57.0,48.0
2012-11-15 15:00:00,132.0,70.0,62.0
2012-11-15 16:00:00,204.0,72.0,132.0
2012-11-15 17:00:00,328.0,104.0,224.0
2012-11-15 18:00:00,246.0,76.0,170.0
2012-11-15 19:00:00,116.0,41.0,75.0
2012-11-15 20:00:00,63.0,29.0,34.0
2012-11-15 21:00:00,58.0,29.0,29.0
2012-11-15 22:00:00,32.0,20.0,12.0
2012-11-15 23:00:00,28.0,16.0,12.0
2012-11-16 00:00:00,10.0,6.0,4.0
2012-11-16 01:00:00,10.0,5.0,5.0
2012-11-16 02:00:00,3.0,2.0,1.0
2012-11-16 03:00:00,3.0,2.0,1.0
2012-11-16 04:00:00,10.0,7.0,3.0
2012-11-16 05:00:00,18.0,14.0,4.0
2012-11-16 06:00:00,91.0,60.0,31.0
2012-11-16 07:00:00,212.0,141.0,71.0
2012-11-16 08:00:00,277.0,192.0,85.0
2012-11-16 09:00:00,159.0,111.0,48.0
2012-11-16 10:00:00,89.0,53.0,36.0
2012-11-16 11:00:00,73.0,47.0,26.0
2012-11-16 12:00:00,67.0,35.0,32.0
2012-11-16 13:00:00,91.0,48.0,43.0
2012-11-16 14:00:00,75.0,34.0,41.0
2012-11-16 15:00:00,75.0,32.0,43.0
2012-11-16 16:00:00,153.0,66.0,87.0
2012-11-16 17:00:00,239.0,57.0,182.0
2012-11-16 18:00:00,156.0,50.0,106.0
2012-11-16 19:00:00,88.0,29.0,59.0
2012-11-16 20:00:00,46.0,16.0,30.0
2012-11-16 21:00:00,21.0,7.0,14.0
2012-11-16 22:00:00,22.0,4.0,18.0
2012-11-16 23:00:00,18.0,5.0,13.0
2012-11-17 00:00:00,14.0,4.0,10.0
2012-11-17 01:00:00,5.0,1.0,4.0
2012-11-17 02:00:00,5.0,4.0,1.0
2012-11-17 03:00:00,1.0,0.0,1.0
2012-11-17 04:00:00,4.0,3.0,1.0
2012-11-17 05:00:00,5.0,4.0,1.0
2012-11-17 06:00:00,12.0,4.0,8.0
2012-11-17 07:00:00,24.0,12.0,12.0
2012-11-17 08:00:00,31.0,18.0,13.0
2012-11-17 09:00:00,46.0,25.0,21.0
2012-11-17 10:00:00,49.0,28.0,21.0
2012-11-17 11:00:00,66.0,36.0,30.0
2012-11-17 12:00:00,81.0,56.0,25.0
2012-11-17 13:00:00,60.0,39.0,21.0
2012-11-17 14:00:00,43.0,21.0,22.0
2012-11-17 15:00:00,32.0,15.0,17.0
2012-11-17 16:00:00,40.0,20.0,20.0
2012-11-17 17:00:00,29.0,19.0,10.0
2012-11-17 18:00:00,23.0,9.0,14.0
2012-11-17 19:00:00,20.0,13.0,7.0
2012-11-17 20:00:00,15.0,2.0,13.0
2012-11-17 21:00:00,11.0,7.0,4.0
2012-11-17 22:00:00,12.0,5.0,7.0
2012-11-17 23:00:00,12.0,3.0,9.0
2012-11-18 00:00:00,11.0,6.0,5.0
2012-11-18 01:00:00,3.0,1.0,2.0
2012-11-18 02:00:00,3.0,1.0,2.0
2012-11-18 03:00:00,2.0,0.0,2.0
2012-11-18 04:00:00,5.0,4.0,1.0
2012-11-18 05:00:00,3.0,3.0,0.0
2012-11-18 06:00:00,6.0,3.0,3.0
2012-11-18 07:00:00,12.0,3.0,9.0
2012-11-18 08:00:00,16.0,6.0,10.0
2012-11-18 09:00:00,20.0,8.0,12.0
2012-11-18 10:00:00,21.0,17.0,4.0
2012-11-18 11:00:00,28.0,18.0,10.0
2012-11-18 12:00:00,34.0,23.0,11.0
2012-11-18 13:00:00,41.0,26.0,15.0
2012-11-18 14:00:00,45.0,28.0,17.0
2012-11-18 15:00:00,24.0,14.0,10.0
2012-11-18 16:00:00,30.0,20.0,10.0
2012-11-18 17:00:00,22.0,15.0,7.0
2012-11-18 18:00:00,12.0,6.0,6.0
2012-11-18 19:00:00,11.0,7.0,4.0
2012-11-18 20:00:00,14.0,5.0,9.0
2012-11-18 21:00:00,6.0,2.0,4.0
2012-11-18 22:00:00,11.0,2.0,9.0
2012-11-18 23:00:00,12.0,1.0,11.0
2012-11-19 00:00:00,3.0,3.0,0.0
2012-11-19 01:00:00,6.0,1.0,5.0
2012-11-19 02:00:00,2.0,1.0,1.0
2012-11-19 03:00:00,2.0,0.0,2.0
2012-11-19 04:00:00,8.0,4.0,4.0
2012-11-19 05:00:00,15.0,12.0,3.0
2012-11-19 06:00:00,46.0,33.0,13.0
2012-11-19 07:00:00,103.0,76.0,27.0
2012-11-19 08:00:00,139.0,90.0,49.0
2012-11-19 09:00:00,66.0,39.0,27.0
2012-11-19 10:00:00,35.0,23.0,12.0
2012-11-19 11:00:00,13.0,8.0,5.0
2012-11-19 12:00:00,18.0,9.0,9.0
2012-11-19 13:00:00,13.0,10.0,3.0
2012-11-19 14:00:00,32.0,13.0,19.0
2012-11-19 15:00:00,45.0,15.0,30.0
2012-11-19 16:00:00,78.0,29.0,49.0
2012-11-19 17:00:00,155.0,42.0,113.0
2012-11-19 18:00:00,78.0,24.0,54.0
2012-11-19 19:00:00,50.0,12.0,38.0
2012-11-19 20:00:00,18.0,7.0,11.0
2012-11-19 21:00:00,19.0,10.0,9.0
2012-11-19 22:00:00,15.0,9.0,6.0
2012-11-19 23:00:00,8.0,5.0,3.0
2012-11-20 00:00:00,7.0,2.0,5.0
2012-11-20 01:00:00,1.0,1.0,0.0
2012-11-20 02:00:00,3.0,3.0,0.0
2012-11-20 03:00:00,2.0,0.0,2.0
2012-11-20 04:00:00,3.0,2.0,1.0
2012-11-20 05:00:00,14.0,10.0,4.0
2012-11-20 06:00:00,83.0,55.0,28.0
2012-11-20 07:00:00,191.0,137.0,54.0
2012-11-20 08:00:00,263.0,184.0,79.0
2012-11-20 09:00:00,154.0,101.0,53.0
2012-11-20 10:00:00,63.0,37.0,26.0
2012-11-20 11:00:00,31.0,19.0,12.0
2012-11-20 12:00:00,37.0,23.0,14.0
2012-11-20 13:00:00,32.0,14.0,18.0
2012-11-20 14:00:00,37.0,20.0,17.0
2012-11-20 15:00:00,72.0,25.0,47.0
2012-11-20 16:00:00,127.0,55.0,72.0
2012-11-20 17:00:00,285.0,80.0,205.0
2012-11-20 18:00:00,184.0,54.0,130.0
2012-11-20 19:00:00,65.0,25.0,40.0
2012-11-20 20:00:00,33.0,14.0,19.0
2012-11-20 21:00:00,25.0,9.0,16.0
2012-11-20 22:00:00,18.0,6.0,12.0
2012-11-20 23:00:00,11.0,8.0,3.0
2012-11-21 00:00:00,9.0,3.0,6.0
2012-11-21 01:00:00,1.0,0.0,1.0
2012-11-21 02:00:00,3.0,2.0,1.0
2012-11-21 03:00:00,2.0,1.0,1.0
2012-11-21 04:00:00,6.0,5.0,1.0
2012-11-21 05:00:00,9.0,6.0,3.0
2012-11-21 06:00:00,52.0,37.0,15.0
2012-11-21 07:00:00,119.0,83.0,36.0
2012-11-21 08:00:00,183.0,125.0,58.0
2012-11-21 09:00:00,117.0,84.0,33.0
2012-11-21 10:00:00,58.0,17.0,41.0
2012-11-21 11:00:00,30.0,17.0,13.0
2012-11-21 12:00:00,30.0,14.0,16.0
2012-11-21 13:00:00,64.0,19.0,45.0
2012-11-21 14:00:00,74.0,34.0,40.0
2012-11-21 15:00:00,100.0,38.0,62.0
2012-11-21 16:00:00,148.0,51.0,97.0
2012-11-21 17:00:00,139.0,44.0,95.0
2012-11-21 18:00:00,97.0,36.0,61.0
2012-11-21 19:00:00,42.0,22.0,20.0
2012-11-21 20:00:00,40.0,10.0,30.0
2012-11-21 21:00:00,21.0,9.0,12.0
2012-11-21 22:00:00,17.0,7.0,10.0
2012-11-21 23:00:00,9.0,4.0,5.0
2012-11-22 00:00:00,8.0,5.0,3.0
2012-11-22 01:00:00,39.0,38.0,1.0
2012-11-22 02:00:00,4.0,3.0,1.0
2012-11-22 03:00:00,4.0,3.0,1.0
2012-11-22 04:00:00,1.0,1.0,0.0
2012-11-22 05:00:00,4.0,1.0,3.0
2012-11-22 06:00:00,4.0,1.0,3.0
2012-11-22 07:00:00,10.0,5.0,5.0
2012-11-22 08:00:00,23.0,13.0,10.0
2012-11-22 09:00:00,44.0,22.0,22.0
2012-11-22 10:00:00,64.0,39.0,25.0
2012-11-22 11:00:00,88.0,48.0,40.0
2012-11-22 12:00:00,68.0,39.0,29.0
2012-11-22 13:00:00,50.0,29.0,21.0
2012-11-22 14:00:00,37.0,19.0,18.0
2012-11-22 15:00:00,31.0,17.0,14.0
2012-11-22 16:00:00,23.0,14.0,9.0
2012-11-22 17:00:00,7.0,5.0,2.0
2012-11-22 18:00:00,4.0,2.0,2.0
2012-11-22 19:00:00,9.0,3.0,6.0
2012-11-22 20:00:00,9.0,4.0,5.0
2012-11-22 21:00:00,10.0,9.0,1.0
2012-11-22 22:00:00,6.0,2.0,4.0
2012-11-22 23:00:00,7.0,3.0,4.0
2012-11-23 00:00:00,15.0,12.0,3.0
2012-11-23 01:00:00,0.0,0.0,0.0
2012-11-23 02:00:00,2.0,1.0,1.0
2012-11-23 03:00:00,0.0,0.0,0.0
2012-11-23 04:00:00,3.0,1.0,2.0
2012-11-23 05:00:00,9.0,5.0,4.0
2012-11-23 06:00:00,11.0,4.0,7.0
2012-11-23 07:00:00,22.0,15.0,7.0
2012-11-23 08:00:00,25.0,14.0,11.0
2012-11-23 09:00:00,15.0,9.0,6.0
2012-11-23 10:00:00,32.0,16.0,16.0
2012-11-23 11:00:00,16.0,6.0,10.0
2012-11-23 12:00:00,17.0,7.0,10.0
2012-11-23 13:00:00,18.0,8.0,10.0
2012-11-23 14:00:00,23.0,8.0,15.0
2012-11-23 15:00:00,27.0,18.0,9.0
2012-11-23 16:00:00,22.0,7.0,15.0
2012-11-23 17:00:00,31.0,8.0,23.0
2012-11-23 18:00:00,15.0,7.0,8.0
2012-11-23 19:00:00,13.0,4.0,9.0
2012-11-23 20:00:00,14.0,6.0,8.0
2012-11-23 21:00:00,3.0,3.0,0.0
2012-11-23 22:00:00,13.0,8.0,5.0
2012-11-23 23:00:00,9.0,1.0,8.0
2012-11-24 00:00:00,3.0,1.0,2.0
2012-11-24 01:00:00,2.0,1.0,1.0
2012-11-24 02:00:00,4.0,3.0,1.0
2012-11-24 03:00:00,1.0,1.0,0.0
2012-11-24 04:00:00,6.0,5.0,1.0
2012-11-24 05:00:00,6.0,5.0,1.0
2012-11-24 06:00:00,11.0,3.0,8.0
2012-11-24 07:00:00,14.0,8.0,6.0
2012-11-24 08:00:00,30.0,17.0,13.0
2012-11-24 09:00:00,40.0,20.0,20.0
2012-11-24 10:00:00,56.0,35.0,21.0
2012-11-24 11:00:00,67.0,39.0,28.0
2012-11-24 12:00:00,100.0,57.0,43.0
2012-11-24 13:00:00,68.0,47.0,21.0
2012-11-24 14:00:00,117.0,56.0,61.0
2012-11-24 15:00:00,127.0,66.0,61.0
2012-11-24 16:00:00,63.0,32.0,31.0
2012-11-24 17:00:00,30.0,16.0,14.0
2012-11-24 18:00:00,33.0,12.0,21.0
2012-11-24 19:00:00,22.0,7.0,15.0
2012-11-24 20:00:00,16.0,6.0,10.0
2012-11-24 21:00:00,13.0,5.0,8.0
2012-11-24 22:00:00,11.0,4.0,7.0
2012-11-24 23:00:00,5.0,2.0,3.0
2012-11-25 00:00:00,9.0,6.0,3.0
2012-11-25 01:00:00,9.0,3.0,6.0
2012-11-25 02:00:00,2.0,2.0,0.0
2012-11-25 03:00:00,4.0,2.0,2.0
2012-11-25 04:00:00,3.0,1.0,2.0
2012-11-25 05:00:00,2.0,2.0,0.0
2012-11-25 06:00:00,13.0,9.0,4.0
2012-11-25 07:00:00,22.0,13.0,9.0
2012-11-25 08:00:00,33.0,19.0,14.0
2012-11-25 09:00:00,45.0,28.0,17.0
2012-11-25 10:00:00,52.0,29.0,23.0
2012-11-25 11:00:00,66.0,32.0,34.0
2012-11-25 12:00:00,82.0,48.0,34.0
2012-11-25 13:00:00,146.0,84.0,62.0
2012-11-25 14:00:00,154.0,89.0,65.0
2012-11-25 15:00:00,133.0,78.0,55.0
2012-11-25 16:00:00,88.0,44.0,44.0
2012-11-25 17:00:00,47.0,25.0,22.0
2012-11-25 18:00:00,30.0,16.0,14.0
2012-11-25 19:00:00,27.0,13.0,14.0
2012-11-25 20:00:00,17.0,8.0,9.0
2012-11-25 21:00:00,13.0,3.0,10.0
2012-11-25 22:00:00,7.0,3.0,4.0
2012-11-25 23:00:00,14.0,9.0,5.0
2012-11-26 00:00:00,3.0,2.0,1.0
2012-11-26 01:00:00,4.0,1.0,3.0
2012-11-26 02:00:00,0.0,0.0,0.0
2012-11-26 03:00:00,2.0,1.0,1.0
2012-11-26 04:00:00,7.0,4.0,3.0
2012-11-26 05:00:00,23.0,17.0,6.0
2012-11-26 06:00:00,100.0,67.0,33.0
2012-11-26 07:00:00,227.0,171.0,56.0
2012-11-26 08:00:00,312.0,213.0,99.0
2012-11-26 09:00:00,179.0,113.0,66.0
2012-11-26 10:00:00,84.0,41.0,43.0
2012-11-26 11:00:00,56.0,41.0,15.0
2012-11-26 12:00:00,67.0,37.0,30.0
2012-11-26 13:00:00,83.0,48.0,35.0
2012-11-26 14:00:00,98.0,48.0,50.0
2012-11-26 15:00:00,115.0,47.0,68.0
2012-11-26 16:00:00,194.0,74.0,120.0
2012-11-26 17:00:00,352.0,102.0,250.0
2012-11-26 18:00:00,216.0,66.0,150.0
2012-11-26 19:00:00,87.0,35.0,52.0
2012-11-26 20:00:00,67.0,19.0,48.0
2012-11-26 21:00:00,35.0,15.0,20.0
2012-11-26 22:00:00,35.0,12.0,23.0
2012-11-26 23:00:00,12.0,6.0,6.0
2012-11-27 00:00:00,10.0,6.0,4.0
2012-11-27 01:00:00,4.0,0.0,4.0
2012-11-27 02:00:00,1.0,0.0,1.0
2012-11-27 03:00:00,4.0,3.0,1.0
2012-11-27 04:00:00,8.0,5.0,3.0
2012-11-27 05:00:00,27.0,17.0,10.0
2012-11-27 06:00:00,105.0,74.0,31.0
2012-11-27 07:00:00,229.0,165.0,64.0
2012-11-27 08:00:00,366.0,263.0,103.0
2012-11-27 09:00:00,185.0,122.0,63.0
2012-11-27 10:00:00,68.0,39.0,29.0
2012-11-27 11:00:00,63.0,38.0,25.0
2012-11-27 12:00:00,55.0,37.0,18.0
2012-11-27 13:00:00,81.0,45.0,36.0
2012-11-27 14:00:00,83.0,30.0,53.0
2012-11-27 15:00:00,125.0,60.0,65.0
2012-11-27 16:00:00,232.0,103.0,129.0
2012-11-27 17:00:00,385.0,108.0,277.0
2012-11-27 18:00:00,258.0,75.0,183.0
2012-11-27 19:00:00,102.0,41.0,61.0
2012-11-27 20:00:00,62.0,25.0,37.0
2012-11-27 21:00:00,42.0,21.0,21.0
2012-11-27 22:00:00,32.0,15.0,17.0
2012-11-27 23:00:00,20.0,9.0,11.0
2012-11-28 00:00:00,7.0,2.0,5.0
2012-11-28 01:00:00,3.0,3.0,0.0
2012-11-28 02:00:00,3.0,2.0,1.0
2012-11-28 03:00:00,2.0,0.0,2.0
2012-11-28 04:00:00,8.0,7.0,1.0
2012-11-28 05:00:00,18.0,14.0,4.0
2012-11-28 06:00:00,96.0,67.0,29.0
2012-11-28 07:00:00,214.0,153.0,61.0
2012-11-28 08:00:00,317.0,212.0,105.0
2012-11-28 09:00:00,162.0,104.0,58.0
2012-11-28 10:00:00,85.0,52.0,33.0
2012-11-28 11:00:00,46.0,24.0,22.0
2012-11-28 12:00:00,49.0,26.0,23.0
2012-11-28 13:00:00,59.0,28.0,31.0
2012-11-28 14:00:00,35.0,19.0,16.0
2012-11-28 15:00:00,62.0,26.0,36.0
2012-11-28 16:00:00,144.0,61.0,83.0
2012-11-28 17:00:00,315.0,90.0,225.0
2012-11-28 18:00:00,190.0,51.0,139.0
2012-11-28 19:00:00,113.0,38.0,75.0
2012-11-28 20:00:00,44.0,18.0,26.0
2012-11-28 21:00:00,28.0,12.0,16.0
2012-11-28 22:00:00,23.0,9.0,14.0
2012-11-28 23:00:00,11.0,4.0,7.0
2012-11-29 00:00:00,5.0,4.0,1.0
2012-11-29 01:00:00,2.0,2.0,0.0
2012-11-29 02:00:00,5.0,5.0,0.0
2012-11-29 03:00:00,3.0,1.0,2.0
2012-11-29 04:00:00,7.0,6.0,1.0
2012-11-29 05:00:00,21.0,15.0,6.0
2012-11-29 06:00:00,90.0,63.0,27.0
2012-11-29 07:00:00,191.0,142.0,49.0
2012-11-29 08:00:00,278.0,188.0,90.0
2012-11-29 09:00:00,139.0,91.0,48.0
2012-11-29 10:00:00,45.0,16.0,29.0
2012-11-29 11:00:00,38.0,20.0,18.0
2012-11-29 12:00:00,41.0,24.0,17.0
2012-11-29 13:00:00,29.0,15.0,14.0
2012-11-29 14:00:00,46.0,28.0,18.0
2012-11-29 15:00:00,75.0,29.0,46.0
2012-11-29 16:00:00,151.0,66.0,85.0
2012-11-29 17:00:00,273.0,83.0,190.0
2012-11-29 18:00:00,182.0,64.0,118.0
2012-11-29 19:00:00,97.0,38.0,59.0
2012-11-29 20:00:00,42.0,19.0,23.0
2012-11-29 21:00:00,40.0,19.0,21.0
2012-11-29 22:00:00,24.0,7.0,17.0
2012-11-29 23:00:00,20.0,9.0,11.0
2012-11-30 00:00:00,7.0,5.0,2.0
2012-11-30 01:00:00,1.0,0.0,1.0
2012-11-30 02:00:00,1.0,0.0,1.0
2012-11-30 03:00:00,1.0,0.0,1.0
2012-11-30 04:00:00,8.0,6.0,2.0
2012-11-30 05:00:00,23.0,18.0,5.0
2012-11-30 06:00:00,80.0,53.0,27.0
2012-11-30 07:00:00,165.0,115.0,50.0
2012-11-30 08:00:00,242.0,161.0,81.0
2012-11-30 09:00:00,141.0,84.0,57.0
2012-11-30 10:00:00,59.0,27.0,32.0
2012-11-30 11:00:00,44.0,22.0,22.0
2012-11-30 12:00:00,39.0,19.0,20.0
2012-11-30 13:00:00,38.0,21.0,17.0
2012-11-30 14:00:00,46.0,21.0,25.0
2012-11-30 15:00:00,66.0,35.0,31.0
2012-11-30 16:00:00,139.0,47.0,92.0
2012-11-30 17:00:00,228.0,61.0,167.0
2012-11-30 18:00:00,145.0,52.0,93.0
2012-11-30 19:00:00,55.0,16.0,39.0
2012-11-30 20:00:00,28.0,8.0,20.0
2012-11-30 21:00:00,7.0,4.0,3.0
2012-11-30 22:00:00,10.0,7.0,3.0
2012-11-30 23:00:00,17.0,4.0,13.0
2012-12-01 00:00:00,10.0,2.0,8.0
2012-12-01 01:00:00,3.0,0.0,3.0
2012-12-01 02:00:00,3.0,1.0,2.0
2012-12-01 03:00:00,3.0,3.0,0.0
2012-12-01 04:00:00,3.0,2.0,1.0
2012-12-01 05:00:00,4.0,2.0,2.0
2012-12-01 06:00:00,10.0,3.0,7.0
2012-12-01 07:00:00,21.0,13.0,8.0
2012-12-01 08:00:00,37.0,17.0,20.0
2012-12-01 09:00:00,43.0,21.0,22.0
2012-12-01 10:00:00,51.0,26.0,25.0
2012-12-01 11:00:00,53.0,36.0,17.0
2012-12-01 12:00:00,62.0,34.0,28.0
2012-12-01 13:00:00,53.0,31.0,22.0
2012-12-01 14:00:00,51.0,35.0,16.0
2012-12-01 15:00:00,54.0,31.0,23.0
2012-12-01 16:00:00,44.0,31.0,13.0
2012-12-01 17:00:00,40.0,15.0,25.0
2012-12-01 18:00:00,24.0,8.0,16.0
2012-12-01 19:00:00,19.0,6.0,13.0
2012-12-01 20:00:00,10.0,3.0,7.0
2012-12-01 21:00:00,10.0,4.0,6.0
2012-12-01 22:00:00,12.0,6.0,6.0
2012-12-01 23:00:00,14.0,8.0,6.0
2012-12-02 00:00:00,16.0,9.0,7.0
2012-12-02 01:00:00,3.0,1.0,2.0
2012-12-02 02:00:00,4.0,2.0,2.0
2012-12-02 03:00:00,0.0,0.0,0.0
2012-12-02 04:00:00,3.0,3.0,0.0
2012-12-02 05:00:00,6.0,2.0,4.0
2012-12-02 06:00:00,10.0,3.0,7.0
2012-12-02 07:00:00,12.0,3.0,9.0
2012-12-02 08:00:00,31.0,19.0,12.0
2012-12-02 09:00:00,47.0,31.0,16.0
2012-12-02 10:00:00,45.0,29.0,16.0
2012-12-02 11:00:00,43.0,25.0,18.0
2012-12-02 12:00:00,65.0,34.0,31.0
2012-12-02 13:00:00,49.0,34.0,15.0
2012-12-02 14:00:00,41.0,25.0,16.0
2012-12-02 15:00:00,31.0,15.0,16.0
2012-12-02 16:00:00,38.0,22.0,16.0
2012-12-02 17:00:00,13.0,8.0,5.0
2012-12-02 18:00:00,19.0,10.0,9.0
2012-12-02 19:00:00,17.0,6.0,11.0
2012-12-02 20:00:00,8.0,1.0,7.0
2012-12-02 21:00:00,11.0,5.0,6.0
2012-12-02 22:00:00,7.0,2.0,5.0
2012-12-02 23:00:00,8.0,5.0,3.0
2012-12-03 00:00:00,2.0,1.0,1.0
2012-12-03 01:00:00,6.0,3.0,3.0
2012-12-03 02:00:00,3.0,2.0,1.0
2012-12-03 03:00:00,1.0,0.0,1.0
2012-12-03 04:00:00,2.0,1.0,1.0
2012-12-03 05:00:00,22.0,19.0,3.0
2012-12-03 06:00:00,89.0,60.0,29.0
2012-12-03 07:00:00,186.0,122.0,64.0
2012-12-03 08:00:00,290.0,190.0,100.0
2012-12-03 09:00:00,151.0,105.0,46.0
2012-12-03 10:00:00,62.0,39.0,23.0
2012-12-03 11:00:00,50.0,27.0,23.0
2012-12-03 12:00:00,51.0,29.0,22.0
2012-12-03 13:00:00,41.0,23.0,18.0
2012-12-03 14:00:00,43.0,23.0,20.0
2012-12-03 15:00:00,58.0,25.0,33.0
2012-12-03 16:00:00,139.0,56.0,83.0
2012-12-03 17:00:00,287.0,72.0,215.0
2012-12-03 18:00:00,196.0,56.0,140.0
2012-12-03 19:00:00,97.0,35.0,62.0
2012-12-03 20:00:00,39.0,18.0,21.0
2012-12-03 21:00:00,29.0,14.0,15.0
2012-12-03 22:00:00,15.0,9.0,6.0
2012-12-03 23:00:00,9.0,3.0,6.0
2012-12-04 00:00:00,11.0,8.0,3.0
2012-12-04 01:00:00,4.0,1.0,3.0
2012-12-04 02:00:00,3.0,0.0,3.0
2012-12-04 03:00:00,2.0,1.0,1.0
2012-12-04 04:00:00,7.0,4.0,3.0
2012-12-04 05:00:00,24.0,15.0,9.0
2012-12-04 06:00:00,87.0,60.0,27.0
2012-12-04 07:00:00,189.0,135.0,54.0
2012-12-04 08:00:00,299.0,188.0,111.0
2012-12-04 09:00:00,179.0,113.0,66.0
2012-12-04 10:00:00,68.0,42.0,26.0
2012-12-04 11:00:00,57.0,43.0,14.0
2012-12-04 12:00:00,56.0,30.0,26.0
2012-12-04 13:00:00,52.0,28.0,24.0
2012-12-04 14:00:00,56.0,33.0,23.0
2012-12-04 15:00:00,66.0,30.0,36.0
2012-12-04 16:00:00,147.0,62.0,85.0
2012-12-04 17:00:00,314.0,86.0,228.0
2012-12-04 18:00:00,173.0,49.0,124.0
2012-12-04 19:00:00,78.0,33.0,45.0
2012-12-04 20:00:00,55.0,23.0,32.0
2012-12-04 21:00:00,39.0,19.0,20.0
2012-12-04 22:00:00,21.0,7.0,14.0
2012-12-04 23:00:00,24.0,11.0,13.0
2012-12-05 00:00:00,9.0,3.0,6.0
2012-12-05 01:00:00,1.0,0.0,1.0
2012-12-05 02:00:00,3.0,2.0,1.0
2012-12-05 03:00:00,2.0,0.0,2.0
2012-12-05 04:00:00,6.0,5.0,1.0
2012-12-05 05:00:00,21.0,17.0,4.0
2012-12-05 06:00:00,84.0,59.0,25.0
2012-12-05 07:00:00,210.0,149.0,61.0
2012-12-05 08:00:00,312.0,217.0,95.0
2012-12-05 09:00:00,190.0,121.0,69.0
2012-12-05 10:00:00,77.0,52.0,25.0
2012-12-05 11:00:00,66.0,40.0,26.0
2012-12-05 12:00:00,63.0,33.0,30.0
2012-12-05 13:00:00,84.0,47.0,37.0
2012-12-05 14:00:00,67.0,34.0,33.0
2012-12-05 15:00:00,107.0,55.0,52.0
2012-12-05 16:00:00,174.0,78.0,96.0
2012-12-05 17:00:00,328.0,103.0,225.0
2012-12-05 18:00:00,250.0,75.0,175.0
2012-12-05 19:00:00,122.0,40.0,82.0
2012-12-05 20:00:00,45.0,13.0,32.0
2012-12-05 21:00:00,39.0,18.0,21.0
2012-12-05 22:00:00,26.0,12.0,14.0
2012-12-05 23:00:00,14.0,7.0,7.0
2012-12-06 00:00:00,4.0,2.0,2.0
2012-12-06 01:00:00,5.0,2.0,3.0
2012-12-06 02:00:00,1.0,0.0,1.0
2012-12-06 03:00:00,3.0,1.0,2.0
2012-12-06 04:00:00,13.0,10.0,3.0
2012-12-06 05:00:00,26.0,17.0,9.0
2012-12-06 06:00:00,98.0,67.0,31.0
2012-12-06 07:00:00,165.0,119.0,46.0
2012-12-06 08:00:00,280.0,193.0,87.0
2012-12-06 09:00:00,143.0,83.0,60.0
2012-12-06 10:00:00,57.0,37.0,20.0
2012-12-06 11:00:00,34.0,22.0,12.0
2012-12-06 12:00:00,47.0,27.0,20.0
2012-12-06 13:00:00,40.0,16.0,24.0
2012-12-06 14:00:00,44.0,21.0,23.0
2012-12-06 15:00:00,73.0,36.0,37.0
2012-12-06 16:00:00,177.0,62.0,115.0
2012-12-06 17:00:00,285.0,97.0,188.0
2012-12-06 18:00:00,170.0,62.0,108.0
2012-12-06 19:00:00,92.0,32.0,60.0
2012-12-06 20:00:00,44.0,12.0,32.0
2012-12-06 21:00:00,40.0,19.0,21.0
2012-12-06 22:00:00,26.0,10.0,16.0
2012-12-06 23:00:00,12.0,8.0,4.0
2012-12-07 00:00:00,9.0,3.0,6.0
2012-12-07 01:00:00,8.0,1.0,7.0
2012-12-07 02:00:00,0.0,0.0,0.0
2012-12-07 03:00:00,1.0,0.0,1.0
2012-12-07 04:00:00,7.0,4.0,3.0
2012-12-07 05:00:00,15.0,10.0,5.0
2012-12-07 06:00:00,80.0,51.0,29.0
2012-12-07 07:00:00,162.0,122.0,40.0
2012-12-07 08:00:00,255.0,185.0,70.0
2012-12-07 09:00:00,149.0,96.0,53.0
2012-12-07 10:00:00,81.0,40.0,41.0
2012-12-07 11:00:00,43.0,25.0,18.0
2012-12-07 12:00:00,45.0,22.0,23.0
2012-12-07 13:00:00,46.0,21.0,25.0
2012-12-07 14:00:00,51.0,20.0,31.0
2012-12-07 15:00:00,69.0,33.0,36.0
2012-12-07 16:00:00,171.0,60.0,111.0
2012-12-07 17:00:00,263.0,81.0,182.0
2012-12-07 18:00:00,164.0,56.0,108.0
2012-12-07 19:00:00,74.0,27.0,47.0
2012-12-07 20:00:00,38.0,9.0,29.0
2012-12-07 21:00:00,28.0,12.0,16.0
2012-12-07 22:00:00,33.0,18.0,15.0
2012-12-07 23:00:00,24.0,10.0,14.0
2012-12-08 00:00:00,17.0,8.0,9.0
2012-12-08 01:00:00,5.0,3.0,2.0
2012-12-08 02:00:00,3.0,0.0,3.0
2012-12-08 03:00:00,1.0,1.0,0.0
2012-12-08 04:00:00,2.0,2.0,0.0
2012-12-08 05:00:00,3.0,1.0,2.0
2012-12-08 06:00:00,12.0,5.0,7.0
2012-12-08 07:00:00,21.0,10.0,11.0
2012-12-08 08:00:00,46.0,29.0,17.0
2012-12-08 09:00:00,52.0,29.0,23.0
2012-12-08 10:00:00,66.0,51.0,15.0
2012-12-08 11:00:00,65.0,36.0,29.0
2012-12-08 12:00:00,67.0,34.0,33.0
2012-12-08 13:00:00,83.0,58.0,25.0
2012-12-08 14:00:00,95.0,60.0,35.0
2012-12-08 15:00:00,87.0,40.0,47.0
2012-12-08 16:00:00,58.0,24.0,34.0
2012-12-08 17:00:00,54.0,16.0,38.0
2012-12-08 18:00:00,34.0,13.0,21.0
2012-12-08 19:00:00,22.0,12.0,10.0
2012-12-08 20:00:00,18.0,7.0,11.0
2012-12-08 21:00:00,27.0,12.0,15.0
2012-12-08 22:00:00,19.0,13.0,6.0
2012-12-08 23:00:00,17.0,7.0,10.0
2012-12-09 00:00:00,6.0,2.0,4.0
2012-12-09 01:00:00,6.0,3.0,3.0
2012-12-09 02:00:00,5.0,1.0,4.0
2012-12-09 03:00:00,8.0,3.0,5.0
2012-12-09 04:00:00,3.0,2.0,1.0
2012-12-09 05:00:00,2.0,1.0,1.0
2012-12-09 06:00:00,8.0,3.0,5.0
2012-12-09 07:00:00,16.0,6.0,10.0
2012-12-09 08:00:00,29.0,14.0,15.0
2012-12-09 09:00:00,22.0,8.0,14.0
2012-12-09 10:00:00,29.0,14.0,15.0
2012-12-09 11:00:00,37.0,31.0,6.0
2012-12-09 12:00:00,39.0,24.0,15.0
2012-12-09 13:00:00,39.0,24.0,15.0
2012-12-09 14:00:00,29.0,16.0,13.0
2012-12-09 15:00:00,33.0,15.0,18.0
2012-12-09 16:00:00,27.0,10.0,17.0
2012-12-09 17:00:00,27.0,13.0,14.0
2012-12-09 18:00:00,20.0,9.0,11.0
2012-12-09 19:00:00,13.0,7.0,6.0
2012-12-09 20:00:00,10.0,6.0,4.0
2012-12-09 21:00:00,9.0,3.0,6.0
2012-12-09 22:00:00,3.0,2.0,1.0
2012-12-09 23:00:00,2.0,0.0,2.0
2012-12-10 00:00:00,6.0,2.0,4.0
2012-12-10 01:00:00,6.0,4.0,2.0
2012-12-10 02:00:00,2.0,2.0,0.0
2012-12-10 03:00:00,1.0,0.0,1.0
2012-12-10 04:00:00,4.0,2.0,2.0
2012-12-10 05:00:00,32.0,22.0,10.0
2012-12-10 06:00:00,94.0,68.0,26.0
2012-12-10 07:00:00,228.0,134.0,94.0
2012-12-10 08:00:00,304.0,212.0,92.0
2012-12-10 09:00:00,151.0,100.0,51.0
2012-12-10 10:00:00,66.0,41.0,25.0
2012-12-10 11:00:00,54.0,32.0,22.0
2012-12-10 12:00:00,53.0,33.0,20.0
2012-12-10 13:00:00,53.0,25.0,28.0
2012-12-10 14:00:00,64.0,31.0,33.0
2012-12-10 15:00:00,84.0,36.0,48.0
2012-12-10 16:00:00,164.0,75.0,89.0
2012-12-10 17:00:00,354.0,109.0,245.0
2012-12-10 18:00:00,216.0,55.0,161.0
2012-12-10 19:00:00,90.0,32.0,58.0
2012-12-10 20:00:00,60.0,25.0,35.0
2012-12-10 21:00:00,42.0,11.0,31.0
2012-12-10 22:00:00,20.0,10.0,10.0
2012-12-10 23:00:00,14.0,9.0,5.0
2012-12-11 00:00:00,12.0,4.0,8.0
2012-12-11 01:00:00,2.0,1.0,1.0
2012-12-11 02:00:00,3.0,3.0,0.0
2012-12-11 03:00:00,4.0,1.0,3.0
2012-12-11 04:00:00,8.0,5.0,3.0
2012-12-11 05:00:00,25.0,19.0,6.0
2012-12-11 06:00:00,90.0,60.0,30.0
2012-12-11 07:00:00,208.0,158.0,50.0
2012-12-11 08:00:00,299.0,201.0,98.0
2012-12-11 09:00:00,154.0,108.0,46.0
2012-12-11 10:00:00,57.0,32.0,25.0
2012-12-11 11:00:00,34.0,20.0,14.0
2012-12-11 12:00:00,34.0,19.0,15.0
2012-12-11 13:00:00,53.0,27.0,26.0
2012-12-11 14:00:00,58.0,32.0,26.0
2012-12-11 15:00:00,75.0,35.0,40.0
2012-12-11 16:00:00,136.0,61.0,75.0
2012-12-11 17:00:00,313.0,81.0,232.0
2012-12-11 18:00:00,187.0,54.0,133.0
2012-12-11 19:00:00,75.0,20.0,55.0
2012-12-11 20:00:00,54.0,26.0,28.0
2012-12-11 21:00:00,34.0,11.0,23.0
2012-12-11 22:00:00,20.0,11.0,9.0
2012-12-11 23:00:00,10.0,5.0,5.0
2012-12-12 00:00:00,9.0,2.0,7.0
2012-12-12 01:00:00,5.0,4.0,1.0
2012-12-12 02:00:00,1.0,1.0,0.0
2012-12-12 03:00:00,3.0,2.0,1.0
2012-12-12 04:00:00,5.0,3.0,2.0
2012-12-12 05:00:00,22.0,18.0,4.0
2012-12-12 06:00:00,84.0,56.0,28.0
2012-12-12 07:00:00,160.0,116.0,44.0
2012-12-12 08:00:00,281.0,207.0,74.0
2012-12-12 09:00:00,140.0,80.0,60.0
2012-12-12 10:00:00,50.0,38.0,12.0
2012-12-12 11:00:00,20.0,9.0,11.0
2012-12-12 12:00:00,39.0,24.0,15.0
2012-12-12 13:00:00,38.0,22.0,16.0
2012-12-12 14:00:00,72.0,39.0,33.0
2012-12-12 15:00:00,77.0,29.0,48.0
2012-12-12 16:00:00,138.0,54.0,84.0
2012-12-12 17:00:00,295.0,85.0,210.0
2012-12-12 18:00:00,187.0,50.0,137.0
2012-12-12 19:00:00,81.0,30.0,51.0
2012-12-12 20:00:00,59.0,19.0,40.0
2012-12-12 21:00:00,37.0,10.0,27.0
2012-12-12 22:00:00,33.0,14.0,19.0
2012-12-12 23:00:00,12.0,7.0,5.0
2012-12-13 00:00:00,6.0,3.0,3.0
2012-12-13 01:00:00,4.0,1.0,3.0
2012-12-13 02:00:00,7.0,2.0,5.0
2012-12-13 03:00:00,2.0,1.0,1.0
2012-12-13 04:00:00,5.0,2.0,3.0
2012-12-13 05:00:00,23.0,17.0,6.0
2012-12-13 06:00:00,100.0,73.0,27.0
2012-12-13 07:00:00,175.0,129.0,46.0
2012-12-13 08:00:00,284.0,188.0,96.0
2012-12-13 09:00:00,154.0,106.0,48.0
2012-12-13 10:00:00,71.0,47.0,24.0
2012-12-13 11:00:00,60.0,31.0,29.0
2012-12-13 12:00:00,72.0,48.0,24.0
2012-12-13 13:00:00,58.0,30.0,28.0
2012-12-13 14:00:00,59.0,27.0,32.0
2012-12-13 15:00:00,95.0,49.0,46.0
2012-12-13 16:00:00,171.0,69.0,102.0
2012-12-13 17:00:00,280.0,74.0,206.0
2012-12-13 18:00:00,155.0,58.0,97.0
2012-12-13 19:00:00,107.0,35.0,72.0
2012-12-13 20:00:00,60.0,31.0,29.0
2012-12-13 21:00:00,30.0,8.0,22.0
2012-12-13 22:00:00,20.0,12.0,8.0
2012-12-13 23:00:00,15.0,6.0,9.0
2012-12-14 00:00:00,8.0,4.0,4.0
2012-12-14 01:00:00,3.0,1.0,2.0
2012-12-14 02:00:00,1.0,0.0,1.0
2012-12-14 03:00:00,3.0,1.0,2.0
2012-12-14 04:00:00,5.0,2.0,3.0
2012-12-14 05:00:00,11.0,6.0,5.0
2012-12-14 06:00:00,64.0,45.0,19.0
2012-12-14 07:00:00,149.0,112.0,37.0
2012-12-14 08:00:00,214.0,149.0,65.0
2012-12-14 09:00:00,150.0,102.0,48.0
2012-12-14 10:00:00,53.0,33.0,20.0
2012-12-14 11:00:00,54.0,33.0,21.0
2012-12-14 12:00:00,56.0,35.0,21.0
2012-12-14 13:00:00,66.0,42.0,24.0
2012-12-14 14:00:00,67.0,37.0,30.0
2012-12-14 15:00:00,116.0,61.0,55.0
2012-12-14 16:00:00,165.0,61.0,104.0
2012-12-14 17:00:00,229.0,66.0,163.0
2012-12-14 18:00:00,138.0,41.0,97.0
2012-12-14 19:00:00,77.0,31.0,46.0
2012-12-14 20:00:00,29.0,13.0,16.0
2012-12-14 21:00:00,20.0,8.0,12.0
2012-12-14 22:00:00,14.0,3.0,11.0
2012-12-14 23:00:00,17.0,8.0,9.0
2012-12-15 00:00:00,22.0,14.0,8.0
2012-12-15 01:00:00,6.0,3.0,3.0
2012-12-15 02:00:00,11.0,6.0,5.0
2012-12-15 03:00:00,4.0,3.0,1.0
2012-12-15 04:00:00,3.0,3.0,0.0
2012-12-15 05:00:00,10.0,7.0,3.0
2012-12-15 06:00:00,19.0,9.0,10.0
2012-12-15 07:00:00,17.0,9.0,8.0
2012-12-15 08:00:00,40.0,22.0,18.0
2012-12-15 09:00:00,46.0,31.0,15.0
2012-12-15 10:00:00,42.0,17.0,25.0
2012-12-15 11:00:00,29.0,19.0,10.0
2012-12-15 12:00:00,32.0,22.0,10.0
2012-12-15 13:00:00,16.0,8.0,8.0
2012-12-15 14:00:00,33.0,18.0,15.0
2012-12-15 15:00:00,19.0,7.0,12.0
2012-12-15 16:00:00,22.0,15.0,7.0
2012-12-15 17:00:00,19.0,9.0,10.0
2012-12-15 18:00:00,23.0,14.0,9.0
2012-12-15 19:00:00,15.0,2.0,13.0
2012-12-15 20:00:00,10.0,5.0,5.0
2012-12-15 21:00:00,11.0,5.0,6.0
2012-12-15 22:00:00,6.0,3.0,3.0
2012-12-15 23:00:00,8.0,7.0,1.0
2012-12-16 00:00:00,9.0,5.0,4.0
2012-12-16 01:00:00,4.0,2.0,2.0
2012-12-16 02:00:00,5.0,2.0,3.0
2012-12-16 03:00:00,2.0,0.0,2.0
2012-12-16 04:00:00,2.0,1.0,1.0
2012-12-16 05:00:00,1.0,0.0,1.0
2012-12-16 06:00:00,9.0,3.0,6.0
2012-12-16 07:00:00,12.0,7.0,5.0
2012-12-16 08:00:00,21.0,11.0,10.0
2012-12-16 09:00:00,39.0,27.0,12.0
2012-12-16 10:00:00,39.0,27.0,12.0
2012-12-16 11:00:00,38.0,24.0,14.0
2012-12-16 12:00:00,26.0,18.0,8.0
2012-12-16 13:00:00,25.0,13.0,12.0
2012-12-16 14:00:00,21.0,12.0,9.0
2012-12-16 15:00:00,23.0,14.0,9.0
2012-12-16 16:00:00,19.0,7.0,12.0
2012-12-16 17:00:00,8.0,3.0,5.0
2012-12-16 18:00:00,6.0,4.0,2.0
2012-12-16 19:00:00,12.0,4.0,8.0
2012-12-16 20:00:00,8.0,5.0,3.0
2012-12-16 21:00:00,9.0,6.0,3.0
2012-12-16 22:00:00,11.0,6.0,5.0
2012-12-16 23:00:00,2.0,1.0,1.0
2012-12-17 00:00:00,1.0,0.0,1.0
2012-12-17 01:00:00,1.0,1.0,0.0
2012-12-17 02:00:00,7.0,2.0,5.0
2012-12-17 03:00:00,1.0,0.0,1.0
2012-12-17 04:00:00,4.0,2.0,2.0
2012-12-17 05:00:00,12.0,9.0,3.0
2012-12-17 06:00:00,59.0,46.0,13.0
2012-12-17 07:00:00,123.0,93.0,30.0
2012-12-17 08:00:00,196.0,134.0,62.0
2012-12-17 09:00:00,118.0,82.0,36.0
2012-12-17 10:00:00,53.0,36.0,17.0
2012-12-17 11:00:00,34.0,21.0,13.0
2012-12-17 12:00:00,33.0,19.0,14.0
2012-12-17 13:00:00,42.0,26.0,16.0
2012-12-17 14:00:00,52.0,16.0,36.0
2012-12-17 15:00:00,58.0,27.0,31.0
2012-12-17 16:00:00,131.0,48.0,83.0
2012-12-17 17:00:00,220.0,68.0,152.0
2012-12-17 18:00:00,151.0,42.0,109.0
2012-12-17 19:00:00,85.0,19.0,66.0
2012-12-17 20:00:00,34.0,16.0,18.0
2012-12-17 21:00:00,36.0,17.0,19.0
2012-12-17 22:00:00,26.0,15.0,11.0
2012-12-17 23:00:00,15.0,8.0,7.0
2012-12-18 00:00:00,12.0,4.0,8.0
2012-12-18 01:00:00,9.0,6.0,3.0
2012-12-18 02:00:00,3.0,2.0,1.0
2012-12-18 03:00:00,3.0,1.0,2.0
2012-12-18 04:00:00,6.0,5.0,1.0
2012-12-18 05:00:00,23.0,14.0,9.0
2012-12-18 06:00:00,61.0,46.0,15.0
2012-12-18 07:00:00,162.0,114.0,48.0
2012-12-18 08:00:00,256.0,160.0,96.0
2012-12-18 09:00:00,132.0,88.0,44.0
2012-12-18 10:00:00,47.0,30.0,17.0
2012-12-18 11:00:00,33.0,16.0,17.0
2012-12-18 12:00:00,39.0,22.0,17.0
2012-12-18 13:00:00,51.0,30.0,21.0
2012-12-18 14:00:00,49.0,33.0,16.0
2012-12-18 15:00:00,86.0,34.0,52.0
2012-12-18 16:00:00,101.0,42.0,59.0
2012-12-18 17:00:00,275.0,82.0,193.0
2012-12-18 18:00:00,180.0,62.0,118.0
2012-12-18 19:00:00,76.0,27.0,49.0
2012-12-18 20:00:00,41.0,16.0,25.0
2012-12-18 21:00:00,25.0,12.0,13.0
2012-12-18 22:00:00,24.0,12.0,12.0
2012-12-18 23:00:00,8.0,4.0,4.0
2012-12-19 00:00:00,6.0,2.0,4.0
2012-12-19 01:00:00,5.0,4.0,1.0
2012-12-19 02:00:00,5.0,3.0,2.0
2012-12-19 03:00:00,1.0,0.0,1.0
2012-12-19 04:00:00,6.0,3.0,3.0
2012-12-19 05:00:00,14.0,11.0,3.0
2012-12-19 06:00:00,43.0,25.0,18.0
2012-12-19 07:00:00,98.0,64.0,34.0
2012-12-19 08:00:00,141.0,89.0,52.0
2012-12-19 09:00:00,78.0,49.0,29.0
2012-12-19 10:00:00,37.0,22.0,15.0
2012-12-19 11:00:00,22.0,12.0,10.0
2012-12-19 12:00:00,22.0,11.0,11.0
2012-12-19 13:00:00,29.0,14.0,15.0
2012-12-19 14:00:00,26.0,16.0,10.0
2012-12-19 15:00:00,38.0,13.0,25.0
2012-12-19 16:00:00,76.0,36.0,40.0
2012-12-19 17:00:00,147.0,47.0,100.0
2012-12-19 18:00:00,121.0,35.0,86.0
2012-12-19 19:00:00,53.0,14.0,39.0
2012-12-19 20:00:00,21.0,10.0,11.0
2012-12-19 21:00:00,9.0,3.0,6.0
2012-12-19 22:00:00,16.0,11.0,5.0
2012-12-19 23:00:00,6.0,2.0,4.0
2012-12-20 00:00:00,4.0,4.0,0.0
2012-12-20 01:00:00,1.0,1.0,0.0
2012-12-20 02:00:00,1.0,1.0,0.0
2012-12-20 03:00:00,1.0,0.0,1.0
2012-12-20 04:00:00,5.0,3.0,2.0
2012-12-20 05:00:00,8.0,5.0,3.0
2012-12-20 06:00:00,55.0,32.0,23.0
2012-12-20 07:00:00,103.0,71.0,32.0
2012-12-20 08:00:00,141.0,85.0,56.0
2012-12-20 09:00:00,67.0,40.0,27.0
2012-12-20 10:00:00,27.0,18.0,9.0
2012-12-20 11:00:00,23.0,10.0,13.0
2012-12-20 12:00:00,16.0,13.0,3.0
2012-12-20 13:00:00,24.0,18.0,6.0
2012-12-20 14:00:00,25.0,13.0,12.0
2012-12-20 15:00:00,53.0,26.0,27.0
2012-12-20 16:00:00,83.0,28.0,55.0
2012-12-20 17:00:00,179.0,65.0,114.0
2012-12-20 18:00:00,126.0,45.0,81.0
2012-12-20 19:00:00,49.0,18.0,31.0
2012-12-20 20:00:00,33.0,6.0,27.0
2012-12-20 21:00:00,19.0,7.0,12.0
2012-12-20 22:00:00,22.0,12.0,10.0
2012-12-20 23:00:00,12.0,5.0,7.0
2012-12-21 00:00:00,8.0,6.0,2.0
2012-12-21 01:00:00,2.0,2.0,0.0
2012-12-21 02:00:00,4.0,3.0,1.0
2012-12-21 03:00:00,2.0,1.0,1.0
2012-12-21 04:00:00,6.0,4.0,2.0
2012-12-21 05:00:00,9.0,6.0,3.0
2012-12-21 06:00:00,36.0,24.0,12.0
2012-12-21 07:00:00,103.0,67.0,36.0
2012-12-21 08:00:00,150.0,99.0,51.0
2012-12-21 09:00:00,94.0,58.0,36.0
2012-12-21 10:00:00,34.0,22.0,12.0
2012-12-21 11:00:00,35.0,22.0,13.0
2012-12-21 12:00:00,28.0,14.0,14.0
2012-12-21 13:00:00,38.0,25.0,13.0
2012-12-21 14:00:00,77.0,35.0,42.0
2012-12-21 15:00:00,127.0,66.0,61.0
2012-12-21 16:00:00,111.0,36.0,75.0
2012-12-21 17:00:00,161.0,49.0,112.0
2012-12-21 18:00:00,92.0,23.0,69.0
2012-12-21 19:00:00,38.0,12.0,26.0
2012-12-21 20:00:00,23.0,5.0,18.0
2012-12-21 21:00:00,21.0,10.0,11.0
2012-12-21 22:00:00,17.0,7.0,10.0
2012-12-21 23:00:00,16.0,9.0,7.0
2012-12-22 00:00:00,8.0,2.0,6.0
2012-12-22 01:00:00,6.0,6.0,0.0
2012-12-22 02:00:00,5.0,4.0,1.0
2012-12-22 03:00:00,8.0,5.0,3.0
2012-12-22 04:00:00,3.0,2.0,1.0
2012-12-22 05:00:00,5.0,5.0,0.0
2012-12-22 06:00:00,8.0,3.0,5.0
2012-12-22 07:00:00,20.0,15.0,5.0
2012-12-22 08:00:00,26.0,13.0,13.0
2012-12-22 09:00:00,28.0,16.0,12.0
2012-12-22 10:00:00,32.0,21.0,11.0
2012-12-22 11:00:00,37.0,19.0,18.0
2012-12-22 12:00:00,36.0,19.0,17.0
2012-12-22 13:00:00,56.0,32.0,24.0
2012-12-22 14:00:00,43.0,25.0,18.0
2012-12-22 15:00:00,53.0,24.0,29.0
2012-12-22 16:00:00,33.0,16.0,17.0
2012-12-22 17:00:00,20.0,8.0,12.0
2012-12-22 18:00:00,20.0,11.0,9.0
2012-12-22 19:00:00,18.0,8.0,10.0
2012-12-22 20:00:00,11.0,2.0,9.0
2012-12-22 21:00:00,5.0,2.0,3.0
2012-12-22 22:00:00,7.0,4.0,3.0
2012-12-22 23:00:00,5.0,1.0,4.0
2012-12-23 00:00:00,8.0,3.0,5.0
2012-12-23 01:00:00,7.0,6.0,1.0
2012-12-23 02:00:00,5.0,3.0,2.0
2012-12-23 03:00:00,2.0,2.0,0.0
2012-12-23 04:00:00,4.0,3.0,1.0
2012-12-23 05:00:00,2.0,2.0,0.0
2012-12-23 06:00:00,8.0,2.0,6.0
2012-12-23 07:00:00,15.0,7.0,8.0
2012-12-23 08:00:00,13.0,6.0,7.0
2012-12-23 09:00:00,11.0,6.0,5.0
2012-12-23 10:00:00,23.0,10.0,13.0
2012-12-23 11:00:00,48.0,32.0,16.0
2012-12-23 12:00:00,37.0,27.0,10.0
2012-12-23 13:00:00,49.0,30.0,19.0
2012-12-23 14:00:00,42.0,26.0,16.0
2012-12-23 15:00:00,41.0,24.0,17.0
2012-12-23 16:00:00,33.0,21.0,12.0
2012-12-23 17:00:00,25.0,13.0,12.0
2012-12-23 18:00:00,13.0,8.0,5.0
2012-12-23 19:00:00,10.0,2.0,8.0
2012-12-23 20:00:00,9.0,3.0,6.0
2012-12-23 21:00:00,10.0,4.0,6.0
2012-12-23 22:00:00,15.0,10.0,5.0
2012-12-23 23:00:00,11.0,3.0,8.0
2012-12-24 00:00:00,6.0,2.0,4.0
2012-12-24 01:00:00,2.0,0.0,2.0
2012-12-24 02:00:00,1.0,0.0,1.0
2012-12-24 03:00:00,1.0,0.0,1.0
2012-12-24 04:00:00,4.0,3.0,1.0
2012-12-24 05:00:00,11.0,10.0,1.0
2012-12-24 06:00:00,16.0,8.0,8.0
2012-12-24 07:00:00,37.0,22.0,15.0
2012-12-24 08:00:00,29.0,18.0,11.0
2012-12-24 09:00:00,42.0,26.0,16.0
2012-12-24 10:00:00,36.0,24.0,12.0
2012-12-24 11:00:00,31.0,20.0,11.0
2012-12-24 12:00:00,42.0,23.0,19.0
2012-12-24 13:00:00,57.0,35.0,22.0
2012-12-24 14:00:00,53.0,25.0,28.0
2012-12-24 15:00:00,72.0,34.0,38.0
2012-12-24 16:00:00,54.0,24.0,30.0
2012-12-24 17:00:00,20.0,8.0,12.0
2012-12-24 18:00:00,17.0,2.0,15.0
2012-12-24 19:00:00,18.0,6.0,12.0
2012-12-24 20:00:00,9.0,4.0,5.0
2012-12-24 21:00:00,1.0,1.0,0.0
2012-12-24 22:00:00,9.0,7.0,2.0
2012-12-24 23:00:00,6.0,2.0,4.0
2012-12-25 00:00:00,2.0,1.0,1.0
2012-12-25 01:00:00,2.0,2.0,0.0
2012-12-25 02:00:00,1.0,1.0,0.0
2012-12-25 03:00:00,2.0,1.0,1.0
2012-12-25 04:00:00,1.0,1.0,0.0
2012-12-25 05:00:00,1.0,1.0,0.0
2012-12-25 06:00:00,3.0,2.0,1.0
2012-12-25 07:00:00,4.0,2.0,2.0
2012-12-25 08:00:00,4.0,3.0,1.0
2012-12-25 09:00:00,7.0,2.0,5.0
2012-12-25 10:00:00,6.0,4.0,2.0
2012-12-25 11:00:00,3.0,0.0,3.0
2012-12-25 12:00:00,7.0,4.0,3.0
2012-12-25 13:00:00,11.0,3.0,8.0
2012-12-25 14:00:00,8.0,4.0,4.0
2012-12-25 15:00:00,3.0,2.0,1.0
2012-12-25 16:00:00,7.0,2.0,5.0
2012-12-25 17:00:00,11.0,6.0,5.0
2012-12-25 18:00:00,3.0,2.0,1.0
2012-12-25 19:00:00,2.0,1.0,1.0
2012-12-25 20:00:00,1.0,1.0,0.0
2012-12-25 21:00:00,5.0,2.0,3.0
2012-12-25 22:00:00,3.0,3.0,0.0
2012-12-25 23:00:00,1.0,0.0,1.0
2012-12-26 00:00:00,2.0,1.0,1.0
2012-12-26 01:00:00,0.0,0.0,0.0
2012-12-26 02:00:00,1.0,1.0,0.0
2012-12-26 03:00:00,1.0,0.0,1.0
2012-12-26 04:00:00,4.0,3.0,1.0
2012-12-26 05:00:00,9.0,7.0,2.0
2012-12-26 06:00:00,37.0,27.0,10.0
2012-12-26 07:00:00,69.0,46.0,23.0
2012-12-26 08:00:00,102.0,65.0,37.0
2012-12-26 09:00:00,56.0,36.0,20.0
2012-12-26 10:00:00,33.0,20.0,13.0
2012-12-26 11:00:00,33.0,25.0,8.0
2012-12-26 12:00:00,48.0,25.0,23.0
2012-12-26 13:00:00,34.0,20.0,14.0
2012-12-26 14:00:00,41.0,24.0,17.0
2012-12-26 15:00:00,63.0,27.0,36.0
2012-12-26 16:00:00,73.0,21.0,52.0
2012-12-26 17:00:00,104.0,38.0,66.0
2012-12-26 18:00:00,65.0,13.0,52.0
2012-12-26 19:00:00,20.0,6.0,14.0
2012-12-26 20:00:00,22.0,10.0,12.0
2012-12-26 21:00:00,12.0,4.0,8.0
2012-12-26 22:00:00,11.0,7.0,4.0
2012-12-26 23:00:00,5.0,4.0,1.0
2012-12-27 00:00:00,5.0,3.0,2.0
2012-12-27 01:00:00,2.0,0.0,2.0
2012-12-27 02:00:00,0.0,0.0,0.0
2012-12-27 03:00:00,0.0,0.0,0.0
2012-12-27 04:00:00,8.0,3.0,5.0
2012-12-27 05:00:00,11.0,6.0,5.0
2012-12-27 06:00:00,55.0,38.0,17.0
2012-12-27 07:00:00,95.0,64.0,31.0
2012-12-27 08:00:00,122.0,80.0,42.0
2012-12-27 09:00:00,78.0,57.0,21.0
2012-12-27 10:00:00,53.0,31.0,22.0
2012-12-27 11:00:00,34.0,25.0,9.0
2012-12-27 12:00:00,39.0,27.0,12.0
2012-12-27 13:00:00,42.0,20.0,22.0
2012-12-27 14:00:00,49.0,23.0,26.0
2012-12-27 15:00:00,76.0,31.0,45.0
2012-12-27 16:00:00,114.0,37.0,77.0
2012-12-27 17:00:00,153.0,48.0,105.0
2012-12-27 18:00:00,90.0,35.0,55.0
2012-12-27 19:00:00,65.0,18.0,47.0
2012-12-27 20:00:00,17.0,7.0,10.0
2012-12-27 21:00:00,14.0,6.0,8.0
2012-12-27 22:00:00,18.0,10.0,8.0
2012-12-27 23:00:00,8.0,4.0,4.0
2012-12-28 00:00:00,5.0,0.0,5.0
2012-12-28 01:00:00,1.0,0.0,1.0
2012-12-28 02:00:00,3.0,0.0,3.0
2012-12-28 03:00:00,2.0,1.0,1.0
2012-12-28 04:00:00,4.0,3.0,1.0
2012-12-28 05:00:00,7.0,5.0,2.0
2012-12-28 06:00:00,56.0,37.0,19.0
2012-12-28 07:00:00,71.0,52.0,19.0
2012-12-28 08:00:00,126.0,77.0,49.0
2012-12-28 09:00:00,84.0,54.0,30.0
2012-12-28 10:00:00,45.0,21.0,24.0
2012-12-28 11:00:00,69.0,42.0,27.0
2012-12-28 12:00:00,68.0,43.0,25.0
2012-12-28 13:00:00,81.0,45.0,36.0
2012-12-28 14:00:00,71.0,35.0,36.0
2012-12-28 15:00:00,101.0,54.0,47.0
2012-12-28 16:00:00,129.0,48.0,81.0
2012-12-28 17:00:00,142.0,46.0,96.0
2012-12-28 18:00:00,76.0,28.0,48.0
2012-12-28 19:00:00,29.0,9.0,20.0
2012-12-28 20:00:00,28.0,7.0,21.0
2012-12-28 21:00:00,26.0,6.0,20.0
2012-12-28 22:00:00,24.0,10.0,14.0
2012-12-28 23:00:00,9.0,8.0,1.0
2012-12-29 00:00:00,12.0,1.0,11.0
2012-12-29 01:00:00,5.0,2.0,3.0
2012-12-29 02:00:00,9.0,7.0,2.0
2012-12-29 03:00:00,7.0,6.0,1.0
2012-12-29 04:00:00,7.0,7.0,0.0
2012-12-29 05:00:00,3.0,2.0,1.0
2012-12-29 06:00:00,11.0,4.0,7.0
2012-12-29 07:00:00,23.0,14.0,9.0
2012-12-29 08:00:00,30.0,14.0,16.0
2012-12-29 09:00:00,21.0,11.0,10.0
2012-12-29 10:00:00,23.0,9.0,14.0
2012-12-29 11:00:00,48.0,27.0,21.0
2012-12-29 12:00:00,41.0,24.0,17.0
2012-12-29 13:00:00,26.0,11.0,15.0
2012-12-29 14:00:00,36.0,18.0,18.0
2012-12-29 15:00:00,48.0,31.0,17.0
2012-12-29 16:00:00,37.0,17.0,20.0
2012-12-29 17:00:00,20.0,10.0,10.0
2012-12-29 18:00:00,29.0,14.0,15.0
2012-12-29 19:00:00,18.0,8.0,10.0
2012-12-29 20:00:00,14.0,5.0,9.0
2012-12-29 21:00:00,8.0,4.0,4.0
2012-12-29 22:00:00,8.0,2.0,6.0
2012-12-29 23:00:00,3.0,1.0,2.0
2012-12-30 00:00:00,5.0,3.0,2.0
2012-12-30 01:00:00,2.0,1.0,1.0
2012-12-30 02:00:00,6.0,3.0,3.0
2012-12-30 03:00:00,1.0,1.0,0.0
2012-12-30 04:00:00,5.0,3.0,2.0
2012-12-30 05:00:00,1.0,1.0,0.0
2012-12-30 06:00:00,5.0,2.0,3.0
2012-12-30 07:00:00,10.0,4.0,6.0
2012-12-30 08:00:00,29.0,19.0,10.0
2012-12-30 09:00:00,41.0,31.0,10.0
2012-12-30 10:00:00,72.0,57.0,15.0
2012-12-30 11:00:00,47.0,24.0,23.0
2012-12-30 12:00:00,72.0,40.0,32.0
2012-12-30 13:00:00,100.0,41.0,59.0
2012-12-30 14:00:00,77.0,43.0,34.0
2012-12-30 15:00:00,61.0,28.0,33.0
2012-12-30 16:00:00,58.0,26.0,32.0
2012-12-30 17:00:00,36.0,16.0,20.0
2012-12-30 18:00:00,13.0,8.0,5.0
2012-12-30 19:00:00,17.0,6.0,11.0
2012-12-30 20:00:00,14.0,6.0,8.0
2012-12-30 21:00:00,7.0,2.0,5.0
2012-12-30 22:00:00,11.0,9.0,2.0
2012-12-30 23:00:00,5.0,1.0,4.0
2012-12-31 00:00:00,1.0,1.0,0.0
2012-12-31 01:00:00,6.0,3.0,3.0
2012-12-31 02:00:00,5.0,3.0,2.0
2012-12-31 03:00:00,1.0,0.0,1.0
2012-12-31 04:00:00,5.0,5.0,0.0
2012-12-31 05:00:00,9.0,7.0,2.0
2012-12-31 06:00:00,42.0,26.0,16.0
2012-12-31 07:00:00,64.0,48.0,16.0
2012-12-31 08:00:00,89.0,61.0,28.0
2012-12-31 09:00:00,70.0,38.0,32.0
2012-12-31 10:00:00,39.0,20.0,19.0
2012-12-31 11:00:00,36.0,21.0,15.0
2012-12-31 12:00:00,55.0,40.0,15.0
2012-12-31 13:00:00,48.0,27.0,21.0
2012-12-31 14:00:00,86.0,50.0,36.0
2012-12-31 15:00:00,81.0,38.0,43.0
2012-12-31 16:00:00,138.0,60.0,78.0
2012-12-31 17:00:00,92.0,41.0,51.0
2012-12-31 18:00:00,41.0,14.0,27.0
2012-12-31 19:00:00,28.0,20.0,8.0
2012-12-31 20:00:00,21.0,6.0,15.0
2012-12-31 21:00:00,6.0,5.0,1.0
2012-12-31 22:00:00,11.0,5.0,6.0
2012-12-31 23:00:00,12.0,7.0,5.0
